"kst","nut","wetDry","S","alpha","H","HU:0","HU:1","HU:2","U:0","U:1","U:2","Points:0","Points:1","Points:2"
30,0.0026156,1,0,0.19068,0.16554,0.26052,-0.032327,-1.1014e-24,1.5738,-0.19529,-6.6538e-24,4,0,0
30,0.0026156,1,0,0.19068,0.16554,0.26052,-0.032327,-1.1014e-24,1.5738,-0.19529,-6.6538e-24,4,0,1
30,0.0026156,1,0,0.19068,0.16554,0.26052,-0.032327,-1.1014e-24,1.5738,-0.19529,-6.6538e-24,4,4,1
30,0.0026156,1,0,0.19068,0.16554,0.26052,-0.032327,-1.1014e-24,1.5738,-0.19529,-6.6538e-24,4,4,0
