"kst","nut","wetDry","S","alpha","H","HU:0","HU:1","HU:2","U:0","U:1","U:2","Points:0","Points:1","Points:2"
30,0.0030765,1,0,0.19315,0.17833,0.31335,-0.042606,-1.625e-27,1.7572,-0.23892,-9.1122e-27,4,0,0
30,0.0030765,1,0,0.19315,0.17833,0.31335,-0.042606,-1.625e-27,1.7572,-0.23892,-9.1122e-27,4,0,1
30,0.0030765,1,0,0.19315,0.17833,0.31335,-0.042606,-1.625e-27,1.7572,-0.23892,-9.1122e-27,4,4,1
30,0.0030765,1,0,0.19315,0.17833,0.31335,-0.042606,-1.625e-27,1.7572,-0.23892,-9.1122e-27,4,4,0
