"kst","nut","wetDry","S","alpha","H","HU:0","HU:1","HU:2","U:0","U:1","U:2","Points:0","Points:1","Points:2"
30,0.0039213,1,0,0.26094,0.1855,0.46512,-0.050936,-1.4728e-26,2.5074,-0.27459,-7.9397e-26,4,0,0
30,0.0039213,1,0,0.26094,0.1855,0.46512,-0.050936,-1.4728e-26,2.5074,-0.27459,-7.9397e-26,4,0,1
30,0.0039213,1,0,0.26094,0.1855,0.46512,-0.050936,-1.4728e-26,2.5074,-0.27459,-7.9397e-26,4,4,1
30,0.0039213,1,0,0.26094,0.1855,0.46512,-0.050936,-1.4728e-26,2.5074,-0.27459,-7.9397e-26,4,4,0
