"kst","nut","wetDry","S","alpha","H","HU:0","HU:1","HU:2","U:0","U:1","U:2","Points:0","Points:1","Points:2"
30,0.0017454,1,0,0.21379,0.12928,0.16501,-0.010722,1.4273e-24,1.2764,-0.082933,1.104e-23,4,0,0
30,0.0017454,1,0,0.21379,0.12928,0.16501,-0.010722,1.4273e-24,1.2764,-0.082933,1.104e-23,4,0,1
30,0.0017454,1,0,0.21379,0.12928,0.16501,-0.010722,1.4273e-24,1.2764,-0.082933,1.104e-23,4,4,1
30,0.0017454,1,0,0.21379,0.12928,0.16501,-0.010722,1.4273e-24,1.2764,-0.082933,1.104e-23,4,4,0
