"kst","nut","wetDry","S","alpha","H","HU:0","HU:1","HU:2","U:0","U:1","U:2","Points:0","Points:1","Points:2"
30,0.0015829,1,0,0.21943,0.12212,0.14834,-0.0080917,1.5036e-25,1.2147,-0.066259,1.2312e-24,4,0,0
30,0.0015829,1,0,0.21943,0.12212,0.14834,-0.0080917,1.5036e-25,1.2147,-0.066259,1.2312e-24,4,0,1
30,0.0015829,1,0,0.21943,0.12212,0.14834,-0.0080917,1.5036e-25,1.2147,-0.066259,1.2312e-24,4,4,1
30,0.0015829,1,0,0.21943,0.12212,0.14834,-0.0080917,1.5036e-25,1.2147,-0.066259,1.2312e-24,4,4,0
