"kst","nut","wetDry","S","alpha","H","HU:0","HU:1","HU:2","U:0","U:1","U:2","Points:0","Points:1","Points:2"
30,0.0035267,1,0,0.20988,0.18257,0.35961,-0.045852,2.9271e-28,1.9697,-0.25115,1.6033e-27,4,0,0
30,0.0035267,1,0,0.20988,0.18257,0.35961,-0.045852,2.9271e-28,1.9697,-0.25115,1.6033e-27,4,0,1
30,0.0035267,1,0,0.20988,0.18257,0.35961,-0.045852,2.9271e-28,1.9697,-0.25115,1.6033e-27,4,4,1
30,0.0035267,1,0,0.20988,0.18257,0.35961,-0.045852,2.9271e-28,1.9697,-0.25115,1.6033e-27,4,4,0
