"kst","nut","wetDry","S","alpha","H","HU:0","HU:1","HU:2","U:0","U:1","U:2","Points:0","Points:1","Points:2"
30,0.0022782,1,0,0.20037,0.15112,0.22192,-0.022531,-4.8236e-24,1.4685,-0.14909,-3.1919e-23,4,0,0
30,0.0022782,1,0,0.20037,0.15112,0.22192,-0.022531,-4.8236e-24,1.4685,-0.14909,-3.1919e-23,4,0,1
30,0.0022782,1,0,0.20037,0.15112,0.22192,-0.022531,-4.8236e-24,1.4685,-0.14909,-3.1919e-23,4,4,1
30,0.0022782,1,0,0.20037,0.15112,0.22192,-0.022531,-4.8236e-24,1.4685,-0.14909,-3.1919e-23,4,4,0
