"kst","nut","wetDry","S","alpha","H","HU:0","HU:1","HU:2","U:0","U:1","U:2","Points:0","Points:1","Points:2"
30,0.0023901,1,0,0.19627,0.1562,0.23459,-0.026327,-7.8207e-24,1.5018,-0.16855,-5.0068e-23,4,0,0
30,0.0023901,1,0,0.19627,0.1562,0.23459,-0.026327,-7.8207e-24,1.5018,-0.16855,-5.0068e-23,4,0,1
30,0.0023901,1,0,0.19627,0.1562,0.23459,-0.026327,-7.8207e-24,1.5018,-0.16855,-5.0068e-23,4,4,1
30,0.0023901,1,0,0.19627,0.1562,0.23459,-0.026327,-7.8207e-24,1.5018,-0.16855,-5.0068e-23,4,4,0
