"kst","nut","wetDry","S","alpha","H","HU:0","HU:1","HU:2","U:0","U:1","U:2","Points:0","Points:1","Points:2"
30,0.0039414,1,0,0.21837,0.18928,0.4068,-0.052141,2.3553e-28,2.1492,-0.27547,1.2444e-27,4,0,0
30,0.0039414,1,0,0.21837,0.18928,0.4068,-0.052141,2.3553e-28,2.1492,-0.27547,1.2444e-27,4,0,1
30,0.0039414,1,0,0.21837,0.18928,0.4068,-0.052141,2.3553e-28,2.1492,-0.27547,1.2444e-27,4,4,1
30,0.0039414,1,0,0.21837,0.18928,0.4068,-0.052141,2.3553e-28,2.1492,-0.27547,1.2444e-27,4,4,0
