"kst","nut","wetDry","S","alpha","H","HU:0","HU:1","HU:2","U:0","U:1","U:2","Points:0","Points:1","Points:2"
30,0.0043082,1,0,0.23732,0.19576,0.47932,-0.062721,3.789e-29,2.4485,-0.3204,1.9355e-28,4,0,0
30,0.0043082,1,0,0.23732,0.19576,0.47932,-0.062721,3.789e-29,2.4485,-0.3204,1.9355e-28,4,0,1
30,0.0043082,1,0,0.23732,0.19576,0.47932,-0.062721,3.789e-29,2.4485,-0.3204,1.9355e-28,4,4,1
30,0.0043082,1,0,0.23732,0.19576,0.47932,-0.062721,3.789e-29,2.4485,-0.3204,1.9355e-28,4,4,0
