"kst","nut","wetDry","S","alpha","H","HU:0","HU:1","HU:2","U:0","U:1","U:2","Points:0","Points:1","Points:2"
30,0.0019827,1,0,0.20534,0.14015,0.19117,-0.014799,-1.7121e-24,1.3641,-0.10559,-1.2216e-23,4,0,0
30,0.0019827,1,0,0.20534,0.14015,0.19117,-0.014799,-1.7121e-24,1.3641,-0.10559,-1.2216e-23,4,0,1
30,0.0019827,1,0,0.20534,0.14015,0.19117,-0.014799,-1.7121e-24,1.3641,-0.10559,-1.2216e-23,4,4,1
30,0.0019827,1,0,0.20534,0.14015,0.19117,-0.014799,-1.7121e-24,1.3641,-0.10559,-1.2216e-23,4,4,0
