"kst","nut","wetDry","S","alpha","H","HU:0","HU:1","HU:2","U:0","U:1","U:2","Points:0","Points:1","Points:2"
30,0.019831,1,0,0.43821,0.28883,2.213,-0.022357,-3.3423e-22,7.6617,-0.077405,-1.1572e-21,4,0,0
30,0.019831,1,0,0.43821,0.28883,2.213,-0.022357,-3.3423e-22,7.6617,-0.077405,-1.1572e-21,4,0,1
30,0.019831,1,0,0.43821,0.28883,2.213,-0.022357,-3.3423e-22,7.6617,-0.077405,-1.1572e-21,4,4,1
30,0.019831,1,0,0.43821,0.28883,2.213,-0.022357,-3.3423e-22,7.6617,-0.077405,-1.1572e-21,4,4,0
