"kst","nut","wetDry","S","alpha","H","HU:0","HU:1","HU:2","U:0","U:1","U:2","Points:0","Points:1","Points:2"
30,0.021017,1,0,0.30422,0.35201,2.4353,-0.03573,-3.6639e-22,6.9185,-0.1015,-1.0409e-21,4,0,0
30,0.021017,1,0,0.30422,0.35201,2.4353,-0.03573,-3.6639e-22,6.9185,-0.1015,-1.0409e-21,4,0,1
30,0.021017,1,0,0.30422,0.35201,2.4353,-0.03573,-3.6639e-22,6.9185,-0.1015,-1.0409e-21,4,4,1
30,0.021017,1,0,0.30422,0.35201,2.4353,-0.03573,-3.6639e-22,6.9185,-0.1015,-1.0409e-21,4,4,0
