"kst","nut","wetDry","S","alpha","H","HU:0","HU:1","HU:2","U:0","U:1","U:2","Points:0","Points:1","Points:2"
30,0.02119,1,0,0.2841,0.36461,2.4708,-0.035355,-3.2638e-22,6.7768,-0.096969,-8.9516e-22,4,0,0
30,0.02119,1,0,0.2841,0.36461,2.4708,-0.035355,-3.2638e-22,6.7768,-0.096969,-8.9516e-22,4,0,1
30,0.02119,1,0,0.2841,0.36461,2.4708,-0.035355,-3.2638e-22,6.7768,-0.096969,-8.9516e-22,4,4,1
30,0.02119,1,0,0.2841,0.36461,2.4708,-0.035355,-3.2638e-22,6.7768,-0.096969,-8.9516e-22,4,4,0
