"kst","nut","wetDry","S","alpha","H","HU:0","HU:1","HU:2","U:0","U:1","U:2","Points:0","Points:1","Points:2"
30,0.020908,1,0,0.33264,0.33453,2.3683,-0.019404,-4.6255e-22,7.0795,-0.058002,-1.3827e-21,4,0,0
30,0.020908,1,0,0.33264,0.33453,2.3683,-0.019404,-4.6255e-22,7.0795,-0.058002,-1.3827e-21,4,0,1
30,0.020908,1,0,0.33264,0.33453,2.3683,-0.019404,-4.6255e-22,7.0795,-0.058002,-1.3827e-21,4,4,1
30,0.020908,1,0,0.33264,0.33453,2.3683,-0.019404,-4.6255e-22,7.0795,-0.058002,-1.3827e-21,4,4,0
