"kst","nut","wetDry","S","alpha","H","HU:0","HU:1","HU:2","U:0","U:1","U:2","Points:0","Points:1","Points:2"
30,0.0075079,1,0,1.694,0.11593,1.0123,-0.022146,0,8.7318,-0.19103,0,4,0,0
30,0.0075079,1,0,1.694,0.11593,1.0123,-0.022146,0,8.7318,-0.19103,0,4,0,1
30,0.0075079,1,0,1.694,0.11593,1.0123,-0.022146,0,8.7318,-0.19103,0,4,4,1
30,0.0075079,1,0,1.694,0.11593,1.0123,-0.022146,0,8.7318,-0.19103,0,4,4,0
