"kst","nut","wetDry","S","alpha","H","HU:0","HU:1","HU:2","U:0","U:1","U:2","Points:0","Points:1","Points:2"
30,0.017727,1,0,0.53661,0.25577,2.0361,-0.030077,6.9198e-24,7.9604,-0.11759,2.7054e-23,4,0,0
30,0.017727,1,0,0.53661,0.25577,2.0361,-0.030077,6.9198e-24,7.9604,-0.11759,2.7054e-23,4,0,1
30,0.017727,1,0,0.53661,0.25577,2.0361,-0.030077,6.9198e-24,7.9604,-0.11759,2.7054e-23,4,4,1
30,0.017727,1,0,0.53661,0.25577,2.0361,-0.030077,6.9198e-24,7.9604,-0.11759,2.7054e-23,4,4,0
