"kst","nut","wetDry","S","alpha","H","HU:0","HU:1","HU:2","U:0","U:1","U:2","Points:0","Points:1","Points:2"
30,0.0203,1,0,0.3836,0.31402,2.3475,-0.045458,-1.9137e-22,7.4758,-0.14476,-6.0943e-22,4,0,0
30,0.0203,1,0,0.3836,0.31402,2.3475,-0.045458,-1.9137e-22,7.4758,-0.14476,-6.0943e-22,4,0,1
30,0.0203,1,0,0.3836,0.31402,2.3475,-0.045458,-1.9137e-22,7.4758,-0.14476,-6.0943e-22,4,4,1
30,0.0203,1,0,0.3836,0.31402,2.3475,-0.045458,-1.9137e-22,7.4758,-0.14476,-6.0943e-22,4,4,0
