"kst","nut","wetDry","S","alpha","H","HU:0","HU:1","HU:2","U:0","U:1","U:2","Points:0","Points:1","Points:2"
30,0.021607,1,0,0.31663,0.34742,2.4646,-0.012534,-2.9863e-22,7.0942,-0.036079,-8.5959e-22,4,0,0
30,0.021607,1,0,0.31663,0.34742,2.4646,-0.012534,-2.9863e-22,7.0942,-0.036079,-8.5959e-22,4,0,1
30,0.021607,1,0,0.31663,0.34742,2.4646,-0.012534,-2.9863e-22,7.0942,-0.036079,-8.5959e-22,4,4,1
30,0.021607,1,0,0.31663,0.34742,2.4646,-0.012534,-2.9863e-22,7.0942,-0.036079,-8.5959e-22,4,4,0
