"kst","nut","wetDry","S","alpha","H","HU:0","HU:1","HU:2","U:0","U:1","U:2","Points:0","Points:1","Points:2"
30,0.011193,1,0,1.1552,0.14721,1.2126,-0.0060483,0,8.2372,-0.041087,0,4,0,0
30,0.011193,1,0,1.1552,0.14721,1.2126,-0.0060483,0,8.2372,-0.041087,0,4,0,1
30,0.011193,1,0,1.1552,0.14721,1.2126,-0.0060483,0,8.2372,-0.041087,0,4,4,1
30,0.011193,1,0,1.1552,0.14721,1.2126,-0.0060483,0,8.2372,-0.041087,0,4,4,0
