"kst","nut","wetDry","S","alpha","H","HU:0","HU:1","HU:2","U:0","U:1","U:2","Points:0","Points:1","Points:2"
30,0,1,0,104.47,0.003265,0.015603,0.00067348,0,4.779,0.20628,0,4,0,0
30,0,1,0,104.47,0.003265,0.015603,0.00067348,0,4.779,0.20628,0,4,0,1
30,0,1,0,104.47,0.003265,0.015603,0.00067348,0,4.779,0.20628,0,4,4,1
30,0,1,0,104.47,0.003265,0.015603,0.00067348,0,4.779,0.20628,0,4,4,0
