"kst","nut","wetDry","S","alpha","H","HU:0","HU:1","HU:2","U:0","U:1","U:2","Points:0","Points:1","Points:2"
30,0.021334,1,0,0.26391,0.37756,2.4917,-0.02843,-3.347e-22,6.5994,-0.0753,-8.8648e-22,4,0,0
30,0.021334,1,0,0.26391,0.37756,2.4917,-0.02843,-3.347e-22,6.5994,-0.0753,-8.8648e-22,4,0,1
30,0.021334,1,0,0.26391,0.37756,2.4917,-0.02843,-3.347e-22,6.5994,-0.0753,-8.8648e-22,4,4,1
30,0.021334,1,0,0.26391,0.37756,2.4917,-0.02843,-3.347e-22,6.5994,-0.0753,-8.8648e-22,4,4,0
