"kst","nut","wetDry","S","alpha","H","HU:0","HU:1","HU:2","U:0","U:1","U:2","Points:0","Points:1","Points:2"
30,0.01477,1,0,0.78145,0.19607,1.5995,-0.0087293,-1.5214e-23,8.1579,-0.044522,-7.7598e-23,4,0,0
30,0.01477,1,0,0.78145,0.19607,1.5995,-0.0087293,-1.5214e-23,8.1579,-0.044522,-7.7598e-23,4,0,1
30,0.01477,1,0,0.78145,0.19607,1.5995,-0.0087293,-1.5214e-23,8.1579,-0.044522,-7.7598e-23,4,4,1
30,0.01477,1,0,0.78145,0.19607,1.5995,-0.0087293,-1.5214e-23,8.1579,-0.044522,-7.7598e-23,4,4,0
