"kst","nut","wetDry","S","alpha","H","HU:0","HU:1","HU:2","U:0","U:1","U:2","Points:0","Points:1","Points:2"
80,0.013644,1,30,0.019486,0.64938,-4.6363,0,0,-7.1396,0,0,0,0,0
80,0.013644,1,30,0.019486,0.64938,-4.6363,0,0,-7.1396,0,0,0,0,1
80,0.013644,1,30,0.019486,0.64938,-4.6363,0,0,-7.1396,0,0,0,4,1
80,0.013644,1,30,0.019486,0.64938,-4.6363,0,0,-7.1396,0,0,0,4,0
