"kst","nut","wetDry","S","alpha","H","HU:0","HU:1","HU:2","U:0","U:1","U:2","Points:0","Points:1","Points:2"
80,0.012399,1,30,0.025887,0.5452,-4.095,0,0,-7.5109,0,0,0,0,0
80,0.012399,1,30,0.025887,0.5452,-4.095,0,0,-7.5109,0,0,0,0,1
80,0.012399,1,30,0.025887,0.5452,-4.095,0,0,-7.5109,0,0,0,4,1
80,0.012399,1,30,0.025887,0.5452,-4.095,0,0,-7.5109,0,0,0,4,0
