"kst","nut","wetDry","S","alpha","H","HU:0","HU:1","HU:2","U:0","U:1","U:2","Points:0","Points:1","Points:2"
80,0.014126,1,30,0.01738,0.69556,-4.8546,0,0,-6.9793,0,0,0,0,0
80,0.014126,1,30,0.01738,0.69556,-4.8546,0,0,-6.9793,0,0,0,0,1
80,0.014126,1,30,0.01738,0.69556,-4.8546,0,0,-6.9793,0,0,0,4,1
80,0.014126,1,30,0.01738,0.69556,-4.8546,0,0,-6.9793,0,0,0,4,0
