"kst","nut","wetDry","S","alpha","H","HU:0","HU:1","HU:2","U:0","U:1","U:2","Points:0","Points:1","Points:2"
80,0.011124,1,30,0.034337,0.4554,-3.5684,0,0,-7.8358,0,0,0,0,0
80,0.011124,1,30,0.034337,0.4554,-3.5684,0,0,-7.8358,0,0,0,0,1
80,0.011124,1,30,0.034337,0.4554,-3.5684,0,0,-7.8358,0,0,0,4,1
80,0.011124,1,30,0.034337,0.4554,-3.5684,0,0,-7.8358,0,0,0,4,0
