"kst","nut","wetDry","S","alpha","H","HU:0","HU:1","HU:2","U:0","U:1","U:2","Points:0","Points:1","Points:2"
80,0.013372,1,30,0.020761,0.62488,-4.5153,0,0,-7.2258,0,0,0,0,0
80,0.013372,1,30,0.020761,0.62488,-4.5153,0,0,-7.2258,0,0,0,0,1
80,0.013372,1,30,0.020761,0.62488,-4.5153,0,0,-7.2258,0,0,0,4,1
80,0.013372,1,30,0.020761,0.62488,-4.5153,0,0,-7.2258,0,0,0,4,0
