"kst","nut","wetDry","S","alpha","H","HU:0","HU:1","HU:2","U:0","U:1","U:2","Points:0","Points:1","Points:2"
80,0.01434,1,30,0.016502,0.71733,-4.953,0,0,-6.9048,0,0,0,0,0
80,0.01434,1,30,0.016502,0.71733,-4.953,0,0,-6.9048,0,0,0,0,1
80,0.01434,1,30,0.016502,0.71733,-4.953,0,0,-6.9048,0,0,0,4,1
80,0.01434,1,30,0.016502,0.71733,-4.953,0,0,-6.9048,0,0,0,4,0
