"kst","nut","wetDry","S","alpha","H","HU:0","HU:1","HU:2","U:0","U:1","U:2","Points:0","Points:1","Points:2"
80,0.0056429,1,30,0.10959,0.1965,-1.6099,0,0,-8.1927,0,0,0,0,0
80,0.0056429,1,30,0.10959,0.1965,-1.6099,0,0,-8.1927,0,0,0,0,1
80,0.0056429,1,30,0.10959,0.1965,-1.6099,0,0,-8.1927,0,0,0,4,1
80,0.0056429,1,30,0.10959,0.1965,-1.6099,0,0,-8.1927,0,0,0,4,0
