"kst","nut","wetDry","S","alpha","H","HU:0","HU:1","HU:2","U:0","U:1","U:2","Points:0","Points:1","Points:2"
80,0.0093461,1,30,0.050427,0.35228,-2.8796,0,0,-8.1741,0,0,0,0,0
80,0.0093461,1,30,0.050427,0.35228,-2.8796,0,0,-8.1741,0,0,0,0,1
80,0.0093461,1,30,0.050427,0.35228,-2.8796,0,0,-8.1741,0,0,0,4,1
80,0.0093461,1,30,0.050427,0.35228,-2.8796,0,0,-8.1741,0,0,0,4,0
