"kst","nut","wetDry","S","alpha","H","HU:0","HU:1","HU:2","U:0","U:1","U:2","Points:0","Points:1","Points:2"
80,0.014538,1,30,0.015717,0.73826,-5.0451,0,0,-6.8338,0,0,0,0,0
80,0.014538,1,30,0.015717,0.73826,-5.0451,0,0,-6.8338,0,0,0,0,1
80,0.014538,1,30,0.015717,0.73826,-5.0451,0,0,-6.8338,0,0,0,4,1
80,0.014538,1,30,0.015717,0.73826,-5.0451,0,0,-6.8338,0,0,0,4,0
