"kst","nut","wetDry","S","alpha","H","HU:0","HU:1","HU:2","U:0","U:1","U:2","Points:0","Points:1","Points:2"
80,0.017761,1,30,0.002129,2,-7,0,0,-3.5,0,0,8,0,0
80,0.017761,1,30,0.002129,2,-7,0,0,-3.5,0,0,8,4,0
80,0.017761,1,30,0.002129,2,-7,0,0,-3.5,0,0,8,4,1
80,0.017761,1,30,0.002129,2,-7,0,0,-3.5,0,0,8,0,1
