"kst","nut","wetDry","S","alpha","H","HU:0","HU:1","HU:2","U:0","U:1","U:2","Points:0","Points:1","Points:2"
80,0.010607,1,30,0.038453,0.42292,-3.3625,0,0,-7.9508,0,0,0,0,0
80,0.010607,1,30,0.038453,0.42292,-3.3625,0,0,-7.9508,0,0,0,0,1
80,0.010607,1,30,0.038453,0.42292,-3.3625,0,0,-7.9508,0,0,0,4,1
80,0.010607,1,30,0.038453,0.42292,-3.3625,0,0,-7.9508,0,0,0,4,0
