"kst","nut","wetDry","S","alpha","H","HU:0","HU:1","HU:2","U:0","U:1","U:2","Points:0","Points:1","Points:2"
80,0.0073449,1,30,0.075896,0.26175,-2.1706,0,0,-8.2929,0,0,0,0,0
80,0.0073449,1,30,0.075896,0.26175,-2.1706,0,0,-8.2929,0,0,0,0,1
80,0.0073449,1,30,0.075896,0.26175,-2.1706,0,0,-8.2929,0,0,0,4,1
80,0.0073449,1,30,0.075896,0.26175,-2.1706,0,0,-8.2929,0,0,0,4,0
