"kst","nut","wetDry","S","alpha","H","HU:0","HU:1","HU:2","U:0","U:1","U:2","Points:0","Points:1","Points:2"
80,0.010025,1,30,0.043634,0.38881,-3.136,0,0,-8.0656,0,0,0,0,0
80,0.010025,1,30,0.043634,0.38881,-3.136,0,0,-8.0656,0,0,0,0,1
80,0.010025,1,30,0.043634,0.38881,-3.136,0,0,-8.0656,0,0,0,4,1
80,0.010025,1,30,0.043634,0.38881,-3.136,0,0,-8.0656,0,0,0,4,0
