"kst","nut","wetDry","S","alpha","H","HU:0","HU:1","HU:2","U:0","U:1","U:2","Points:0","Points:1","Points:2"
80,0.01159,1,30,0.030987,0.48654,-3.7578,0,0,-7.7235,0,0,0,0,0
80,0.01159,1,30,0.030987,0.48654,-3.7578,0,0,-7.7235,0,0,0,0,1
80,0.01159,1,30,0.030987,0.48654,-3.7578,0,0,-7.7235,0,0,0,4,1
80,0.01159,1,30,0.030987,0.48654,-3.7578,0,0,-7.7235,0,0,0,4,0
