"alpha.water","p_rgh","p","U:0","U:1","U:2","Points:0","Points:1","Points:2"
0.9989,31912,31912,0,0,0,0,0,0
0.9989,31563,31563,0,0,0,0.1,0,0
0.9989,31563,31563,0,0,0,0.1,0,1
0.9989,31912,31912,0,0,0,0,0,1
0.99806,30089,30089,0,0,0,0.2,0,0
0.99806,30089,30089,0,0,0,0.2,0,1
0.9932,28106,28106,0,0,0,0.3,0,0
0.9932,28106,28106,0,0,0,0.3,0,1
0.98895,27186,27186,0,0,0,0.4,0,0
0.98895,27186,27186,0,0,0,0.4,0,1
0.98863,27659,27659,0,0,0,0.5,0,0
0.98863,27659,27659,0,0,0,0.5,0,1
0.98843,28602,28602,0,0,0,0.6,0,0
0.98843,28602,28602,0,0,0,0.6,0,1
0.79424,29014,29014,0,0,0,0.7,0,0
0.79424,29014,29014,0,0,0,0.7,0,1
0.58498,29011,29011,0,0,0,0.8,0,0
0.58498,29011,29011,0,0,0,0.8,0,1
0.64853,29015,29015,0,0,0,0.9,0,0
0.64853,29015,29015,0,0,0,0.9,0,1
0.86126,29056,29056,0,0,0,1,0,0
0.86126,29056,29056,0,0,0,1,0,1
0.99763,28985,28985,0,0,0,1.1,0,0
0.99763,28985,28985,0,0,0,1.1,0,1
1,28676,28676,0,0,0,1.2,0,0
1,28676,28676,0,0,0,1.2,0,1
1,28128,28128,0,0,0,1.3,0,0
1,28128,28128,0,0,0,1.3,0,1
1,27325,27325,0,0,0,1.4,0,0
1,27325,27325,0,0,0,1.4,0,1
1,26301,26301,0,0,0,1.5,0,0
1,26301,26301,0,0,0,1.5,0,1
1,25127,25127,0,0,0,1.6,0,0
1,25127,25127,0,0,0,1.6,0,1
1,23880,23880,0,0,0,1.7,0,0
1,23880,23880,0,0,0,1.7,0,1
1,22628,22628,0,0,0,1.8,0,0
1,22628,22628,0,0,0,1.8,0,1
1,21419,21419,0,0,0,1.9,0,0
1,21419,21419,0,0,0,1.9,0,1
1,20284,20284,0,0,0,2,0,0
1,20284,20284,0,0,0,2,0,1
1,19241,19241,0,0,0,2.1,0,0
1,19241,19241,0,0,0,2.1,0,1
1,18294,18294,0,0,0,2.2,0,0
1,18294,18294,0,0,0,2.2,0,1
1,17445,17445,0,0,0,2.3,0,0
1,17445,17445,0,0,0,2.3,0,1
1,16690,16690,0,0,0,2.4,0,0
1,16690,16690,0,0,0,2.4,0,1
1,16023,16023,0,0,0,2.5,0,0
1,16023,16023,0,0,0,2.5,0,1
1,15436,15436,0,0,0,2.6,0,0
1,15436,15436,0,0,0,2.6,0,1
1,14922,14922,0,0,0,2.7,0,0
1,14922,14922,0,0,0,2.7,0,1
1,14473,14473,0,0,0,2.8,0,0
1,14473,14473,0,0,0,2.8,0,1
1,14082,14082,0,0,0,2.9,0,0
1,14082,14082,0,0,0,2.9,0,1
1,13740,13740,0,0,0,3,0,0
1,13740,13740,0,0,0,3,0,1
1,13443,13443,0,0,0,3.1,0,0
1,13443,13443,0,0,0,3.1,0,1
1,13184,13184,0,0,0,3.2,0,0
1,13184,13184,0,0,0,3.2,0,1
1,12956,12956,0,0,0,3.3,0,0
1,12956,12956,0,0,0,3.3,0,1
1,12757,12757,0,0,0,3.4,0,0
1,12757,12757,0,0,0,3.4,0,1
1,12585,12585,0,0,0,3.5,0,0
1,12585,12585,0,0,0,3.5,0,1
1,12437,12437,0,0,0,3.6,0,0
1,12437,12437,0,0,0,3.6,0,1
1,12297,12297,0,0,0,3.7,0,0
1,12297,12297,0,0,0,3.7,0,1
1,12153,12153,0,0,0,3.8,0,0
1,12153,12153,0,0,0,3.8,0,1
1,12023,12023,0,0,0,3.9,0,0
1,12023,12023,0,0,0,3.9,0,1
1,11968,11968,0,0,0,4,0,0
1,11968,11968,0,0,0,4,0,1
