"alpha.water","p_rgh","p","U:0","U:1","U:2","Points:0","Points:1","Points:2"
0.87426,32298,32298,0,0,0,0,0,0
0.86695,31577,31577,0,0,0,0.1,0,0
0.86695,31577,31577,0,0,0,0.1,0,1
0.87426,32298,32298,0,0,0,0,0,1
0.80058,29504,29504,0,0,0,0.2,0,0
0.80058,29504,29504,0,0,0,0.2,0,1
0.74177,27884,27884,0,0,0,0.3,0,0
0.74177,27884,27884,0,0,0,0.3,0,1
0.74143,28198,28198,0,0,0,0.4,0,0
0.74143,28198,28198,0,0,0,0.4,0,1
0.60416,29020,29020,0,0,0,0.5,0,0
0.60416,29020,29020,0,0,0,0.5,0,1
0.42459,29288,29288,0,0,0,0.6,0,0
0.42459,29288,29288,0,0,0,0.6,0,1
0.44799,29299,29299,0,0,0,0.7,0,0
0.44799,29299,29299,0,0,0,0.7,0,1
0.74259,29384,29384,0,0,0,0.8,0,0
0.74259,29384,29384,0,0,0,0.8,0,1
0.98545,29415,29415,0,0,0,0.9,0,0
0.98545,29415,29415,0,0,0,0.9,0,1
1,29119,29119,0,0,0,1,0,0
1,29119,29119,0,0,0,1,0,1
1,28474,28474,0,0,0,1.1,0,0
1,28474,28474,0,0,0,1.1,0,1
1,27457,27457,0,0,0,1.2,0,0
1,27457,27457,0,0,0,1.2,0,1
1,26129,26129,0,0,0,1.3,0,0
1,26129,26129,0,0,0,1.3,0,1
1,24607,24607,0,0,0,1.4,0,0
1,24607,24607,0,0,0,1.4,0,1
1,23016,23016,0,0,0,1.5,0,0
1,23016,23016,0,0,0,1.5,0,1
1,21455,21455,0,0,0,1.6,0,0
1,21455,21455,0,0,0,1.6,0,1
1,19990,19990,0,0,0,1.7,0,0
1,19990,19990,0,0,0,1.7,0,1
1,18658,18658,0,0,0,1.8,0,0
1,18658,18658,0,0,0,1.8,0,1
1,17474,17474,0,0,0,1.9,0,0
1,17474,17474,0,0,0,1.9,0,1
1,16439,16439,0,0,0,2,0,0
1,16439,16439,0,0,0,2,0,1
1,15545,15545,0,0,0,2.1,0,0
1,15545,15545,0,0,0,2.1,0,1
1,14781,14781,0,0,0,2.2,0,0
1,14781,14781,0,0,0,2.2,0,1
1,14134,14134,0,0,0,2.3,0,0
1,14134,14134,0,0,0,2.3,0,1
1,13590,13590,0,0,0,2.4,0,0
1,13590,13590,0,0,0,2.4,0,1
1,13136,13136,0,0,0,2.5,0,0
1,13136,13136,0,0,0,2.5,0,1
1,12760,12760,0,0,0,2.6,0,0
1,12760,12760,0,0,0,2.6,0,1
1,12449,12449,0,0,0,2.7,0,0
1,12449,12449,0,0,0,2.7,0,1
1,12194,12194,0,0,0,2.8,0,0
1,12194,12194,0,0,0,2.8,0,1
1,11986,11986,0,0,0,2.9,0,0
1,11986,11986,0,0,0,2.9,0,1
1,11817,11817,0,0,0,3,0,0
1,11817,11817,0,0,0,3,0,1
1,11683,11683,0,0,0,3.1,0,0
1,11683,11683,0,0,0,3.1,0,1
1,11578,11578,0,0,0,3.2,0,0
1,11578,11578,0,0,0,3.2,0,1
1,11494,11494,0,0,0,3.3,0,0
1,11494,11494,0,0,0,3.3,0,1
1,11430,11430,0,0,0,3.4,0,0
1,11430,11430,0,0,0,3.4,0,1
1,11386,11386,0,0,0,3.5,0,0
1,11386,11386,0,0,0,3.5,0,1
1,11359,11359,0,0,0,3.6,0,0
1,11359,11359,0,0,0,3.6,0,1
1,11337,11337,0,0,0,3.7,0,0
1,11337,11337,0,0,0,3.7,0,1
1,11277,11277,0,0,0,3.8,0,0
1,11277,11277,0,0,0,3.8,0,1
1,11197,11197,0,0,0,3.9,0,0
1,11197,11197,0,0,0,3.9,0,1
1,11164,11164,0,0,0,4,0,0
1,11164,11164,0,0,0,4,0,1
