"alpha.water","p_rgh","p","U:0","U:1","U:2","Points:0","Points:1","Points:2"
0.8548,34063,34063,0,0,0,0,0,0
0.82584,33111,33111,0,0,0,0.1,0,0
0.82584,33111,33111,0,0,0,0.1,0,1
0.8548,34063,34063,0,0,0,0,0,1
0.79316,31329,31329,0,0,0,0.2,0,0
0.79316,31329,31329,0,0,0,0.2,0,1
0.69132,30439,30439,0,0,0,0.3,0,0
0.69132,30439,30439,0,0,0,0.3,0,1
0.437,30581,30581,0,0,0,0.4,0,0
0.437,30581,30581,0,0,0,0.4,0,1
0.28099,30890,30890,0,0,0,0.5,0,0
0.28099,30890,30890,0,0,0,0.5,0,1
0.50507,31087,31087,0,0,0,0.6,0,0
0.50507,31087,31087,0,0,0,0.6,0,1
0.86447,31140,31140,0,0,0,0.7,0,0
0.86447,31140,31140,0,0,0,0.7,0,1
1,30840,30840,0,0,0,0.8,0,0
1,30840,30840,0,0,0,0.8,0,1
1,30061,30061,0,0,0,0.9,0,0
1,30061,30061,0,0,0,0.9,0,1
1,28791,28791,0,0,0,1,0,0
1,28791,28791,0,0,0,1,0,1
1,27107,27107,0,0,0,1.1,0,0
1,27107,27107,0,0,0,1.1,0,1
1,25167,25167,0,0,0,1.2,0,0
1,25167,25167,0,0,0,1.2,0,1
1,23144,23144,0,0,0,1.3,0,0
1,23144,23144,0,0,0,1.3,0,1
1,21179,21179,0,0,0,1.4,0,0
1,21179,21179,0,0,0,1.4,0,1
1,19363,19363,0,0,0,1.5,0,0
1,19363,19363,0,0,0,1.5,0,1
1,17744,17744,0,0,0,1.6,0,0
1,17744,17744,0,0,0,1.6,0,1
1,16340,16340,0,0,0,1.7,0,0
1,16340,16340,0,0,0,1.7,0,1
1,15144,15144,0,0,0,1.8,0,0
1,15144,15144,0,0,0,1.8,0,1
1,14141,14141,0,0,0,1.9,0,0
1,14141,14141,0,0,0,1.9,0,1
1,13308,13308,0,0,0,2,0,0
1,13308,13308,0,0,0,2,0,1
1,12623,12623,0,0,0,2.1,0,0
1,12623,12623,0,0,0,2.1,0,1
1,12063,12063,0,0,0,2.2,0,0
1,12063,12063,0,0,0,2.2,0,1
1,11606,11606,0,0,0,2.3,0,0
1,11606,11606,0,0,0,2.3,0,1
1,11236,11236,0,0,0,2.4,0,0
1,11236,11236,0,0,0,2.4,0,1
1,10938,10938,0,0,0,2.5,0,0
1,10938,10938,0,0,0,2.5,0,1
1,10701,10701,0,0,0,2.6,0,0
1,10701,10701,0,0,0,2.6,0,1
1,10514,10514,0,0,0,2.7,0,0
1,10514,10514,0,0,0,2.7,0,1
1,10364,10364,0,0,0,2.8,0,0
1,10364,10364,0,0,0,2.8,0,1
1,10242,10242,0,0,0,2.9,0,0
1,10242,10242,0,0,0,2.9,0,1
1,10140,10140,0,0,0,3,0,0
1,10140,10140,0,0,0,3,0,1
1,10052,10052,0,0,0,3.1,0,0
1,10052,10052,0,0,0,3.1,0,1
1,9972.8,9972.8,0,0,0,3.2,0,0
1,9972.8,9972.8,0,0,0,3.2,0,1
1,9896.9,9896.9,0,0,0,3.3,0,0
1,9896.9,9896.9,0,0,0,3.3,0,1
1,9822.3,9822.3,0,0,0,3.4,0,0
1,9822.3,9822.3,0,0,0,3.4,0,1
1,9750.2,9750.2,0,0,0,3.5,0,0
1,9750.2,9750.2,0,0,0,3.5,0,1
1,9676,9676,0,0,0,3.6,0,0
1,9676,9676,0,0,0,3.6,0,1
1,9579.4,9579.4,0,0,0,3.7,0,0
1,9579.4,9579.4,0,0,0,3.7,0,1
1,9438.7,9438.7,0,0,0,3.8,0,0
1,9438.7,9438.7,0,0,0,3.8,0,1
1,9283.5,9283.5,0,0,0,3.9,0,0
1,9283.5,9283.5,0,0,0,3.9,0,1
1,9211.4,9211.4,0,0,0,4,0,0
1,9211.4,9211.4,0,0,0,4,0,1
