"alpha.water","p_rgh","p","U:0","U:1","U:2","Points:0","Points:1","Points:2"
0.99925,31710,31710,0,0,0,0,0,0
0.99925,31416,31416,0,0,0,0.1,0,0
0.99925,31416,31416,0,0,0,0.1,0,1
0.99925,31710,31710,0,0,0,0,0,1
0.99907,30002,30002,0,0,0,0.2,0,0
0.99907,30002,30002,0,0,0,0.2,0,1
0.99515,27940,27940,0,0,0,0.3,0,0
0.99515,27940,27940,0,0,0,0.3,0,1
0.99105,26842,26842,0,0,0,0.4,0,0
0.99105,26842,26842,0,0,0,0.4,0,1
0.99049,27180,27180,0,0,0,0.5,0,0
0.99049,27180,27180,0,0,0,0.5,0,1
0.99022,28146,28146,0,0,0,0.6,0,0
0.99022,28146,28146,0,0,0,0.6,0,1
0.8768,28726,28726,0,0,0,0.7,0,0
0.8768,28726,28726,0,0,0,0.7,0,1
0.69163,28835,28835,0,0,0,0.8,0,0
0.69163,28835,28835,0,0,0,0.8,0,1
0.61987,28823,28823,0,0,0,0.9,0,0
0.61987,28823,28823,0,0,0,0.9,0,1
0.77534,28856,28856,0,0,0,1,0,0
0.77534,28856,28856,0,0,0,1,0,1
0.96538,28858,28858,0,0,0,1.1,0,0
0.96538,28858,28858,0,0,0,1.1,0,1
1,28678,28678,0,0,0,1.2,0,0
1,28678,28678,0,0,0,1.2,0,1
1,28290,28290,0,0,0,1.3,0,0
1,28290,28290,0,0,0,1.3,0,1
1,27661,27661,0,0,0,1.4,0,0
1,27661,27661,0,0,0,1.4,0,1
1,26801,26801,0,0,0,1.5,0,0
1,26801,26801,0,0,0,1.5,0,1
1,25762,25762,0,0,0,1.6,0,0
1,25762,25762,0,0,0,1.6,0,1
1,24611,24611,0,0,0,1.7,0,0
1,24611,24611,0,0,0,1.7,0,1
1,23417,23417,0,0,0,1.8,0,0
1,23417,23417,0,0,0,1.8,0,1
1,22236,22236,0,0,0,1.9,0,0
1,22236,22236,0,0,0,1.9,0,1
1,21107,21107,0,0,0,2,0,0
1,21107,21107,0,0,0,2,0,1
1,20052,20052,0,0,0,2.1,0,0
1,20052,20052,0,0,0,2.1,0,1
1,19083,19083,0,0,0,2.2,0,0
1,19083,19083,0,0,0,2.2,0,1
1,18205,18205,0,0,0,2.3,0,0
1,18205,18205,0,0,0,2.3,0,1
1,17416,17416,0,0,0,2.4,0,0
1,17416,17416,0,0,0,2.4,0,1
1,16712,16712,0,0,0,2.5,0,0
1,16712,16712,0,0,0,2.5,0,1
1,16088,16088,0,0,0,2.6,0,0
1,16088,16088,0,0,0,2.6,0,1
1,15535,15535,0,0,0,2.7,0,0
1,15535,15535,0,0,0,2.7,0,1
1,15049,15049,0,0,0,2.8,0,0
1,15049,15049,0,0,0,2.8,0,1
1,14621,14621,0,0,0,2.9,0,0
1,14621,14621,0,0,0,2.9,0,1
1,14246,14246,0,0,0,3,0,0
1,14246,14246,0,0,0,3,0,1
1,13917,13917,0,0,0,3.1,0,0
1,13917,13917,0,0,0,3.1,0,1
1,13629,13629,0,0,0,3.2,0,0
1,13629,13629,0,0,0,3.2,0,1
1,13376,13376,0,0,0,3.3,0,0
1,13376,13376,0,0,0,3.3,0,1
1,13155,13155,0,0,0,3.4,0,0
1,13155,13155,0,0,0,3.4,0,1
1,12966,12966,0,0,0,3.5,0,0
1,12966,12966,0,0,0,3.5,0,1
1,12802,12802,0,0,0,3.6,0,0
1,12802,12802,0,0,0,3.6,0,1
1,12653,12653,0,0,0,3.7,0,0
1,12653,12653,0,0,0,3.7,0,1
1,12504,12504,0,0,0,3.8,0,0
1,12504,12504,0,0,0,3.8,0,1
1,12375,12375,0,0,0,3.9,0,0
1,12375,12375,0,0,0,3.9,0,1
1,12321,12321,0,0,0,4,0,0
1,12321,12321,0,0,0,4,0,1
