"alpha.water","p_rgh","p","U:0","U:1","U:2","Points:0","Points:1","Points:2"
0.70309,35262,35262,0,0,0,0,0,0
0.66098,33981,33981,0,0,0,0.1,0,0
0.66098,33981,33981,0,0,0,0.1,0,1
0.70309,35262,35262,0,0,0,0,0,1
0.39371,32332,32332,0,0,0,0.2,0,0
0.39371,32332,32332,0,0,0,0.2,0,1
0.16577,32148,32148,0,0,0,0.3,0,0
0.16577,32148,32148,0,0,0,0.3,0,1
0.16833,32478,32478,0,0,0,0.4,0,0
0.16833,32478,32478,0,0,0,0.4,0,1
0.53125,32788,32788,0,0,0,0.5,0,0
0.53125,32788,32788,0,0,0,0.5,0,1
0.94442,32708,32708,0,0,0,0.6,0,0
0.94442,32708,32708,0,0,0,0.6,0,1
1,31877,31877,0,0,0,0.7,0,0
1,31877,31877,0,0,0,0.7,0,1
1,30328,30328,0,0,0,0.8,0,0
1,30328,30328,0,0,0,0.8,0,1
1,28136,28136,0,0,0,0.9,0,0
1,28136,28136,0,0,0,0.9,0,1
1,25559,25559,0,0,0,1,0,0
1,25559,25559,0,0,0,1,0,1
1,22882,22882,0,0,0,1.1,0,0
1,22882,22882,0,0,0,1.1,0,1
1,20327,20327,0,0,0,1.2,0,0
1,20327,20327,0,0,0,1.2,0,1
1,18030,18030,0,0,0,1.3,0,0
1,18030,18030,0,0,0,1.3,0,1
1,16053,16053,0,0,0,1.4,0,0
1,16053,16053,0,0,0,1.4,0,1
1,14408,14408,0,0,0,1.5,0,0
1,14408,14408,0,0,0,1.5,0,1
1,13074,13074,0,0,0,1.6,0,0
1,13074,13074,0,0,0,1.6,0,1
1,12012,12012,0,0,0,1.7,0,0
1,12012,12012,0,0,0,1.7,0,1
1,11178,11178,0,0,0,1.8,0,0
1,11178,11178,0,0,0,1.8,0,1
1,10529,10529,0,0,0,1.9,0,0
1,10529,10529,0,0,0,1.9,0,1
1,10029,10029,0,0,0,2,0,0
1,10029,10029,0,0,0,2,0,1
1,9652.1,9652.1,0,0,0,2.1,0,0
1,9652.1,9652.1,0,0,0,2.1,0,1
1,9376,9376,0,0,0,2.2,0,0
1,9376,9376,0,0,0,2.2,0,1
1,9179,9179,0,0,0,2.3,0,0
1,9179,9179,0,0,0,2.3,0,1
1,9040.7,9040.7,0,0,0,2.4,0,0
1,9040.7,9040.7,0,0,0,2.4,0,1
1,8946.1,8946.1,0,0,0,2.5,0,0
1,8946.1,8946.1,0,0,0,2.5,0,1
1,8883.4,8883.4,0,0,0,2.6,0,0
1,8883.4,8883.4,0,0,0,2.6,0,1
1,8842.6,8842.6,0,0,0,2.7,0,0
1,8842.6,8842.6,0,0,0,2.7,0,1
1,8816.5,8816.5,0,0,0,2.8,0,0
1,8816.5,8816.5,0,0,0,2.8,0,1
1,8799.4,8799.4,0,0,0,2.9,0,0
1,8799.4,8799.4,0,0,0,2.9,0,1
1,8787,8787,0,0,0,3,0,0
1,8787,8787,0,0,0,3,0,1
1,8774.9,8774.9,0,0,0,3.1,0,0
1,8774.9,8774.9,0,0,0,3.1,0,1
1,8757.9,8757.9,0,0,0,3.2,0,0
1,8757.9,8757.9,0,0,0,3.2,0,1
1,8731.4,8731.4,0,0,0,3.3,0,0
1,8731.4,8731.4,0,0,0,3.3,0,1
1,8694.5,8694.5,0,0,0,3.4,0,0
1,8694.5,8694.5,0,0,0,3.4,0,1
1,8650.2,8650.2,0,0,0,3.5,0,0
1,8650.2,8650.2,0,0,0,3.5,0,1
1,8594.2,8594.2,0,0,0,3.6,0,0
1,8594.2,8594.2,0,0,0,3.6,0,1
1,8501.6,8501.6,0,0,0,3.7,0,0
1,8501.6,8501.6,0,0,0,3.7,0,1
1,8345.3,8345.3,0,0,0,3.8,0,0
1,8345.3,8345.3,0,0,0,3.8,0,1
1,8162.6,8162.6,0,0,0,3.9,0,0
1,8162.6,8162.6,0,0,0,3.9,0,1
1,8076.2,8076.2,0,0,0,4,0,0
1,8076.2,8076.2,0,0,0,4,0,1
