"kst","nut","wetDry","S","alpha","H","HU:0","HU:1","HU:2","U:0","U:1","U:2","Points:0","Points:1","Points:2"
30,0.0048926,1,0,1.6333,0.097284,0.65164,-0.0075798,0,6.6983,-0.077914,0,4,0,0
30,0.0048926,1,0,1.6333,0.097284,0.65164,-0.0075798,0,6.6983,-0.077914,0,4,0,1
30,0.0048926,1,0,1.6333,0.097284,0.65164,-0.0075798,0,6.6983,-0.077914,0,4,4,1
30,0.0048926,1,0,1.6333,0.097284,0.65164,-0.0075798,0,6.6983,-0.077914,0,4,4,0
