"kst","nut","wetDry","S","alpha","H","HU:0","HU:1","HU:2","U:0","U:1","U:2","Points:0","Points:1","Points:2"
30,0.0083028,1,0,0.32241,0.22154,0.87545,-0.022399,1.0653e-22,3.9516,-0.1011,4.8088e-22,4,0,0
30,0.0083028,1,0,0.32241,0.22154,0.87545,-0.022399,1.0653e-22,3.9516,-0.1011,4.8088e-22,4,0,1
30,0.0083028,1,0,0.32241,0.22154,0.87545,-0.022399,1.0653e-22,3.9516,-0.1011,4.8088e-22,4,4,1
30,0.0083028,1,0,0.32241,0.22154,0.87545,-0.022399,1.0653e-22,3.9516,-0.1011,4.8088e-22,4,4,0
