"kst","nut","wetDry","S","alpha","H","HU:0","HU:1","HU:2","U:0","U:1","U:2","Points:0","Points:1","Points:2"
30,0.0047316,1,0,0.32999,0.16871,0.47477,-0.010541,0,2.8141,-0.062478,0,4,0,0
30,0.0047316,1,0,0.32999,0.16871,0.47477,-0.010541,0,2.8141,-0.062478,0,4,0,1
30,0.0047316,1,0,0.32999,0.16871,0.47477,-0.010541,0,2.8141,-0.062478,0,4,4,1
30,0.0047316,1,0,0.32999,0.16871,0.47477,-0.010541,0,2.8141,-0.062478,0,4,4,0
