"kst","nut","wetDry","S","alpha","H","HU:0","HU:1","HU:2","U:0","U:1","U:2","Points:0","Points:1","Points:2"
30,0.0068829,1,0,0.31711,0.20443,0.71357,-0.021757,-3.5371e-23,3.4905,-0.10643,-1.7302e-22,4,0,0
30,0.0068829,1,0,0.31711,0.20443,0.71357,-0.021757,-3.5371e-23,3.4905,-0.10643,-1.7302e-22,4,0,1
30,0.0068829,1,0,0.31711,0.20443,0.71357,-0.021757,-3.5371e-23,3.4905,-0.10643,-1.7302e-22,4,4,1
30,0.0068829,1,0,0.31711,0.20443,0.71357,-0.021757,-3.5371e-23,3.4905,-0.10643,-1.7302e-22,4,4,0
