"kst","nut","wetDry","S","alpha","H","HU:0","HU:1","HU:2","U:0","U:1","U:2","Points:0","Points:1","Points:2"
30,0.010723,1,0,0.38001,0.23108,1.1373,-0.031665,3.3265e-22,4.9216,-0.13703,1.4396e-21,4,0,0
30,0.010723,1,0,0.38001,0.23108,1.1373,-0.031665,3.3265e-22,4.9216,-0.13703,1.4396e-21,4,0,1
30,0.010723,1,0,0.38001,0.23108,1.1373,-0.031665,3.3265e-22,4.9216,-0.13703,1.4396e-21,4,4,1
30,0.010723,1,0,0.38001,0.23108,1.1373,-0.031665,3.3265e-22,4.9216,-0.13703,1.4396e-21,4,4,0
