"kst","nut","wetDry","S","alpha","H","HU:0","HU:1","HU:2","U:0","U:1","U:2","Points:0","Points:1","Points:2"
30,0.0075487,1,0,0.32163,0.21217,0.78958,-0.021661,5.0861e-23,3.7214,-0.10209,2.3972e-22,4,0,0
30,0.0075487,1,0,0.32163,0.21217,0.78958,-0.021661,5.0861e-23,3.7214,-0.10209,2.3972e-22,4,0,1
30,0.0075487,1,0,0.32163,0.21217,0.78958,-0.021661,5.0861e-23,3.7214,-0.10209,2.3972e-22,4,4,1
30,0.0075487,1,0,0.32163,0.21217,0.78958,-0.021661,5.0861e-23,3.7214,-0.10209,2.3972e-22,4,4,0
