"kst","nut","wetDry","S","alpha","H","HU:0","HU:1","HU:2","U:0","U:1","U:2","Points:0","Points:1","Points:2"
30,0.013146,1,0,0.40505,0.24593,1.4008,-0.037221,4.4798e-22,5.6958,-0.15135,1.8216e-21,4,0,0
30,0.013146,1,0,0.40505,0.24593,1.4008,-0.037221,4.4798e-22,5.6958,-0.15135,1.8216e-21,4,0,1
30,0.013146,1,0,0.40505,0.24593,1.4008,-0.037221,4.4798e-22,5.6958,-0.15135,1.8216e-21,4,4,1
30,0.013146,1,0,0.40505,0.24593,1.4008,-0.037221,4.4798e-22,5.6958,-0.15135,1.8216e-21,4,4,0
