"kst","nut","wetDry","S","alpha","H","HU:0","HU:1","HU:2","U:0","U:1","U:2","Points:0","Points:1","Points:2"
30,0.0097096,1,0,0.35632,0.2283,1.0366,-0.031671,2.7542e-22,4.5405,-0.13872,1.2064e-21,4,0,0
30,0.0097096,1,0,0.35632,0.2283,1.0366,-0.031671,2.7542e-22,4.5405,-0.13872,1.2064e-21,4,0,1
30,0.0097096,1,0,0.35632,0.2283,1.0366,-0.031671,2.7542e-22,4.5405,-0.13872,1.2064e-21,4,4,1
30,0.0097096,1,0,0.35632,0.2283,1.0366,-0.031671,2.7542e-22,4.5405,-0.13872,1.2064e-21,4,4,0
