"kst","nut","wetDry","S","alpha","H","HU:0","HU:1","HU:2","U:0","U:1","U:2","Points:0","Points:1","Points:2"
30,0.013736,1,0,0.43365,0.25267,1.5989,-0.018443,1.3111e-21,6.3278,-0.072991,5.1887e-21,4,0,0
30,0.013736,1,0,0.43365,0.25267,1.5989,-0.018443,1.3111e-21,6.3278,-0.072991,5.1887e-21,4,0,1
30,0.013736,1,0,0.43365,0.25267,1.5989,-0.018443,1.3111e-21,6.3278,-0.072991,5.1887e-21,4,4,1
30,0.013736,1,0,0.43365,0.25267,1.5989,-0.018443,1.3111e-21,6.3278,-0.072991,5.1887e-21,4,4,0
