"kst","nut","wetDry","S","alpha","H","HU:0","HU:1","HU:2","U:0","U:1","U:2","Points:0","Points:1","Points:2"
30,0.0054769,1,0,1.2243,0.11889,0.78124,0.0037516,0,6.5709,0.031555,0,4,0,0
30,0.0054769,1,0,1.2243,0.11889,0.78124,0.0037516,0,6.5709,0.031555,0,4,0,1
30,0.0054769,1,0,1.2243,0.11889,0.78124,0.0037516,0,6.5709,0.031555,0,4,4,1
30,0.0054769,1,0,1.2243,0.11889,0.78124,0.0037516,0,6.5709,0.031555,0,4,4,0
