"kst","nut","wetDry","S","alpha","H","HU:0","HU:1","HU:2","U:0","U:1","U:2","Points:0","Points:1","Points:2"
30,0.012193,1,0,0.37873,0.24589,1.3087,-0.031984,9.7353e-22,5.3224,-0.13007,3.9592e-21,4,0,0
30,0.012193,1,0,0.37873,0.24589,1.3087,-0.031984,9.7353e-22,5.3224,-0.13007,3.9592e-21,4,0,1
30,0.012193,1,0,0.37873,0.24589,1.3087,-0.031984,9.7353e-22,5.3224,-0.13007,3.9592e-21,4,4,1
30,0.012193,1,0,0.37873,0.24589,1.3087,-0.031984,9.7353e-22,5.3224,-0.13007,3.9592e-21,4,4,0
