"kst","nut","wetDry","S","alpha","H","HU:0","HU:1","HU:2","U:0","U:1","U:2","Points:0","Points:1","Points:2"
30,0.0057294,1,0,0.30809,0.19035,0.58713,-0.01043,1.6051e-22,3.0845,-0.054795,8.4325e-22,4,0,0
30,0.0057294,1,0,0.30809,0.19035,0.58713,-0.01043,1.6051e-22,3.0845,-0.054795,8.4325e-22,4,0,1
30,0.0057294,1,0,0.30809,0.19035,0.58713,-0.01043,1.6051e-22,3.0845,-0.054795,8.4325e-22,4,4,1
30,0.0057294,1,0,0.30809,0.19035,0.58713,-0.01043,1.6051e-22,3.0845,-0.054795,8.4325e-22,4,4,0
