"kst","nut","wetDry","S","alpha","H","HU:0","HU:1","HU:2","U:0","U:1","U:2","Points:0","Points:1","Points:2"
30,0.0028347,1,0,0.14787,0.19451,0.29732,-0.0061833,2.2756e-27,1.5286,-0.031789,1.1699e-26,4,0,0
30,0.0028347,1,0,0.14787,0.19451,0.29732,-0.0061833,2.2756e-27,1.5286,-0.031789,1.1699e-26,4,0,1
30,0.0028347,1,0,0.14787,0.19451,0.29732,-0.0061833,2.2756e-27,1.5286,-0.031789,1.1699e-26,4,4,1
30,0.0028347,1,0,0.14787,0.19451,0.29732,-0.0061833,2.2756e-27,1.5286,-0.031789,1.1699e-26,4,4,0
