"kst","nut","wetDry","S","alpha","H","HU:0","HU:1","HU:2","U:0","U:1","U:2","Points:0","Points:1","Points:2"
30,0.0047291,1,0,0.304,0.17518,0.47741,-0.0082202,4.6151e-23,2.7253,-0.046925,2.6346e-22,4,0,0
30,0.0047291,1,0,0.304,0.17518,0.47741,-0.0082202,4.6151e-23,2.7253,-0.046925,2.6346e-22,4,0,1
30,0.0047291,1,0,0.304,0.17518,0.47741,-0.0082202,4.6151e-23,2.7253,-0.046925,2.6346e-22,4,4,1
30,0.0047291,1,0,0.304,0.17518,0.47741,-0.0082202,4.6151e-23,2.7253,-0.046925,2.6346e-22,4,4,0
