"kst","nut","wetDry","S","alpha","H","HU:0","HU:1","HU:2","U:0","U:1","U:2","Points:0","Points:1","Points:2"
30,0.010162,1,0,0.35211,0.23422,1.0874,-0.025978,7.8982e-22,4.6426,-0.11091,3.3721e-21,4,0,0
30,0.010162,1,0,0.35211,0.23422,1.0874,-0.025978,7.8982e-22,4.6426,-0.11091,3.3721e-21,4,0,1
30,0.010162,1,0,0.35211,0.23422,1.0874,-0.025978,7.8982e-22,4.6426,-0.11091,3.3721e-21,4,4,1
30,0.010162,1,0,0.35211,0.23422,1.0874,-0.025978,7.8982e-22,4.6426,-0.11091,3.3721e-21,4,4,0
