"kst","nut","wetDry","S","alpha","H","HU:0","HU:1","HU:2","U:0","U:1","U:2","Points:0","Points:1","Points:2"
30,0.0024876,1,0,0.13931,0.18748,0.25702,-0.0059974,-2.7293e-25,1.3709,-0.03199,-1.4558e-24,4,0,0
30,0.0024876,1,0,0.13931,0.18748,0.25702,-0.0059974,-2.7293e-25,1.3709,-0.03199,-1.4558e-24,4,0,1
30,0.0024876,1,0,0.13931,0.18748,0.25702,-0.0059974,-2.7293e-25,1.3709,-0.03199,-1.4558e-24,4,4,1
30,0.0024876,1,0,0.13931,0.18748,0.25702,-0.0059974,-2.7293e-25,1.3709,-0.03199,-1.4558e-24,4,4,0
