"kst","nut","wetDry","S","alpha","H","HU:0","HU:1","HU:2","U:0","U:1","U:2","Points:0","Points:1","Points:2"
30,0.0018043,1,0,0.14765,0.15486,0.17413,-0.003383,9.5682e-25,1.1244,-0.021846,6.1787e-24,4,0,0
30,0.0018043,1,0,0.14765,0.15486,0.17413,-0.003383,9.5682e-25,1.1244,-0.021846,6.1787e-24,4,0,1
30,0.0018043,1,0,0.14765,0.15486,0.17413,-0.003383,9.5682e-25,1.1244,-0.021846,6.1787e-24,4,4,1
30,0.0018043,1,0,0.14765,0.15486,0.17413,-0.003383,9.5682e-25,1.1244,-0.021846,6.1787e-24,4,4,0
