"kst","nut","wetDry","S","alpha","H","HU:0","HU:1","HU:2","U:0","U:1","U:2","Points:0","Points:1","Points:2"
30,0,1,0,118.87,0.0021948,0.0072177,0.0002106,-7.1047e-23,3.2885,0.095955,-3.2371e-20,4,0,0
30,0,1,0,118.87,0.0021948,0.0072177,0.0002106,-7.1047e-23,3.2885,0.095955,-3.2371e-20,4,0,1
30,0,1,0,118.87,0.0021948,0.0072177,0.0002106,-7.1047e-23,3.2885,0.095955,-3.2371e-20,4,4,1
30,0,1,0,118.87,0.0021948,0.0072177,0.0002106,-7.1047e-23,3.2885,0.095955,-3.2371e-20,4,4,0
