"kst","nut","wetDry","S","alpha","H","HU:0","HU:1","HU:2","U:0","U:1","U:2","Points:0","Points:1","Points:2"
30,0.0030392,1,0,0.15386,0.19581,0.31294,-0.0068653,1.6587e-28,1.5982,-0.035061,8.4712e-28,4,0,0
30,0.0030392,1,0,0.15386,0.19581,0.31294,-0.0068653,1.6587e-28,1.5982,-0.035061,8.4712e-28,4,0,1
30,0.0030392,1,0,0.15386,0.19581,0.31294,-0.0068653,1.6587e-28,1.5982,-0.035061,8.4712e-28,4,4,1
30,0.0030392,1,0,0.15386,0.19581,0.31294,-0.0068653,1.6587e-28,1.5982,-0.035061,8.4712e-28,4,4,0
