"kst","nut","wetDry","S","alpha","H","HU:0","HU:1","HU:2","U:0","U:1","U:2","Points:0","Points:1","Points:2"
30,0.0021932,1,0,0.13866,0.17465,0.21634,-0.0047919,-5.3645e-25,1.2387,-0.027437,-3.0715e-24,4,0,0
30,0.0021932,1,0,0.13866,0.17465,0.21634,-0.0047919,-5.3645e-25,1.2387,-0.027437,-3.0715e-24,4,0,1
30,0.0021932,1,0,0.13866,0.17465,0.21634,-0.0047919,-5.3645e-25,1.2387,-0.027437,-3.0715e-24,4,4,1
30,0.0021932,1,0,0.13866,0.17465,0.21634,-0.0047919,-5.3645e-25,1.2387,-0.027437,-3.0715e-24,4,4,0
