"kst","nut","wetDry","S","alpha","H","HU:0","HU:1","HU:2","U:0","U:1","U:2","Points:0","Points:1","Points:2"
30,0.0063755,1,0,0.31103,0.19882,0.65589,-0.013153,2.1174e-22,3.2989,-0.066153,1.065e-21,4,0,0
30,0.0063755,1,0,0.31103,0.19882,0.65589,-0.013153,2.1174e-22,3.2989,-0.066153,1.065e-21,4,0,1
30,0.0063755,1,0,0.31103,0.19882,0.65589,-0.013153,2.1174e-22,3.2989,-0.066153,1.065e-21,4,4,1
30,0.0063755,1,0,0.31103,0.19882,0.65589,-0.013153,2.1174e-22,3.2989,-0.066153,1.065e-21,4,4,0
