"kst","nut","wetDry","S","alpha","H","HU:0","HU:1","HU:2","U:0","U:1","U:2","Points:0","Points:1","Points:2"
30,0.0025054,1,0,0.13793,0.18683,0.2516,-0.0061285,-2.3532e-24,1.3467,-0.032803,-1.2595e-23,4,0,0
30,0.0025054,1,0,0.13793,0.18683,0.2516,-0.0061285,-2.3532e-24,1.3467,-0.032803,-1.2595e-23,4,0,1
30,0.0025054,1,0,0.13793,0.18683,0.2516,-0.0061285,-2.3532e-24,1.3467,-0.032803,-1.2595e-23,4,4,1
30,0.0025054,1,0,0.13793,0.18683,0.2516,-0.0061285,-2.3532e-24,1.3467,-0.032803,-1.2595e-23,4,4,0
