"kst","nut","wetDry","S","alpha","H","HU:0","HU:1","HU:2","U:0","U:1","U:2","Points:0","Points:1","Points:2"
30,0,1,0,49.455,0.0041258,0.013175,0.00029645,0,3.1934,0.071852,0,4,0,0
30,0,1,0,49.455,0.0041258,0.013175,0.00029645,0,3.1934,0.071852,0,4,0,1
30,0,1,0,49.455,0.0041258,0.013175,0.00029645,0,3.1934,0.071852,0,4,4,1
30,0,1,0,49.455,0.0041258,0.013175,0.00029645,0,3.1934,0.071852,0,4,4,0
