"kst","nut","wetDry","S","alpha","H","HU:0","HU:1","HU:2","U:0","U:1","U:2","Points:0","Points:1","Points:2"
30,0.0029213,1,0,0.14891,0.19507,0.30033,-0.0060498,1.7993e-28,1.5397,-0.031014,9.2239e-28,4,0,0
30,0.0029213,1,0,0.14891,0.19507,0.30033,-0.0060498,1.7993e-28,1.5397,-0.031014,9.2239e-28,4,0,1
30,0.0029213,1,0,0.14891,0.19507,0.30033,-0.0060498,1.7993e-28,1.5397,-0.031014,9.2239e-28,4,4,1
30,0.0029213,1,0,0.14891,0.19507,0.30033,-0.0060498,1.7993e-28,1.5397,-0.031014,9.2239e-28,4,4,0
