"kst","nut","wetDry","S","alpha","H","HU:0","HU:1","HU:2","U:0","U:1","U:2","Points:0","Points:1","Points:2"
30,0.0019559,1,0,0.14353,0.16491,0.19634,-0.0042374,-6.7435e-26,1.1905,-0.025695,-4.0891e-25,4,0,0
30,0.0019559,1,0,0.14353,0.16491,0.19634,-0.0042374,-6.7435e-26,1.1905,-0.025695,-4.0891e-25,4,0,1
30,0.0019559,1,0,0.14353,0.16491,0.19634,-0.0042374,-6.7435e-26,1.1905,-0.025695,-4.0891e-25,4,4,1
30,0.0019559,1,0,0.14353,0.16491,0.19634,-0.0042374,-6.7435e-26,1.1905,-0.025695,-4.0891e-25,4,4,0
