"kst","nut","wetDry","S","alpha","H","HU:0","HU:1","HU:2","U:0","U:1","U:2","Points:0","Points:1","Points:2"
30,0.0026114,1,0,0.13969,0.18977,0.26425,-0.0060288,-2.3497e-25,1.3925,-0.031769,-1.2382e-24,4,0,0
30,0.0026114,1,0,0.13969,0.18977,0.26425,-0.0060288,-2.3497e-25,1.3925,-0.031769,-1.2382e-24,4,0,1
30,0.0026114,1,0,0.13969,0.18977,0.26425,-0.0060288,-2.3497e-25,1.3925,-0.031769,-1.2382e-24,4,4,1
30,0.0026114,1,0,0.13969,0.18977,0.26425,-0.0060288,-2.3497e-25,1.3925,-0.031769,-1.2382e-24,4,4,0
