"kst","nut","wetDry","S","alpha","H","HU:0","HU:1","HU:2","U:0","U:1","U:2","Points:0","Points:1","Points:2"
30,0.0032767,1,0,0.16841,0.19656,0.34698,-0.0077655,1.4217e-27,1.7653,-0.039508,7.2329e-27,4,0,0
30,0.0032767,1,0,0.16841,0.19656,0.34698,-0.0077655,1.4217e-27,1.7653,-0.039508,7.2329e-27,4,0,1
30,0.0032767,1,0,0.16841,0.19656,0.34698,-0.0077655,1.4217e-27,1.7653,-0.039508,7.2329e-27,4,4,1
30,0.0032767,1,0,0.16841,0.19656,0.34698,-0.0077655,1.4217e-27,1.7653,-0.039508,7.2329e-27,4,4,0
