"kst","nut","wetDry","S","alpha","H","HU:0","HU:1","HU:2","U:0","U:1","U:2","Points:0","Points:1","Points:2"
30,0.0093568,1,0,0.32719,0.23325,1.0016,-0.022628,5.2419e-22,4.2942,-0.097011,2.2473e-21,4,0,0
30,0.0093568,1,0,0.32719,0.23325,1.0016,-0.022628,5.2419e-22,4.2942,-0.097011,2.2473e-21,4,0,1
30,0.0093568,1,0,0.32719,0.23325,1.0016,-0.022628,5.2419e-22,4.2942,-0.097011,2.2473e-21,4,4,1
30,0.0093568,1,0,0.32719,0.23325,1.0016,-0.022628,5.2419e-22,4.2942,-0.097011,2.2473e-21,4,4,0
