"kst","nut","wetDry","S","alpha","H","HU:0","HU:1","HU:2","U:0","U:1","U:2","Points:0","Points:1","Points:2"
30,0.0031714,1,0,0.15988,0.19638,0.32724,-0.0076736,4.5961e-28,1.6664,-0.039076,2.3405e-27,4,0,0
30,0.0031714,1,0,0.15988,0.19638,0.32724,-0.0076736,4.5961e-28,1.6664,-0.039076,2.3405e-27,4,0,1
30,0.0031714,1,0,0.15988,0.19638,0.32724,-0.0076736,4.5961e-28,1.6664,-0.039076,2.3405e-27,4,4,1
30,0.0031714,1,0,0.15988,0.19638,0.32724,-0.0076736,4.5961e-28,1.6664,-0.039076,2.3405e-27,4,4,0
