"kst","nut","wetDry","S","alpha","H","HU:0","HU:1","HU:2","U:0","U:1","U:2","Points:0","Points:1","Points:2"
30,0.0028155,1,0,0.14498,0.19392,0.2885,-0.0056969,3.6234e-28,1.4877,-0.029377,1.8685e-27,4,0,0
30,0.0028155,1,0,0.14498,0.19392,0.2885,-0.0056969,3.6234e-28,1.4877,-0.029377,1.8685e-27,4,0,1
30,0.0028155,1,0,0.14498,0.19392,0.2885,-0.0056969,3.6234e-28,1.4877,-0.029377,1.8685e-27,4,4,1
30,0.0028155,1,0,0.14498,0.19392,0.2885,-0.0056969,3.6234e-28,1.4877,-0.029377,1.8685e-27,4,4,0
