"kst","nut","wetDry","S","alpha","H","HU:0","HU:1","HU:2","U:0","U:1","U:2","Points:0","Points:1","Points:2"
30,0.0082843,1,0,0.31373,0.22421,0.87612,-0.018445,3.6155e-22,3.9075,-0.082264,1.6125e-21,4,0,0
30,0.0082843,1,0,0.31373,0.22421,0.87612,-0.018445,3.6155e-22,3.9075,-0.082264,1.6125e-21,4,0,1
30,0.0082843,1,0,0.31373,0.22421,0.87612,-0.018445,3.6155e-22,3.9075,-0.082264,1.6125e-21,4,4,1
30,0.0082843,1,0,0.31373,0.22421,0.87612,-0.018445,3.6155e-22,3.9075,-0.082264,1.6125e-21,4,4,0
