"kst","nut","wetDry","S","alpha","H","HU:0","HU:1","HU:2","U:0","U:1","U:2","Points:0","Points:1","Points:2"
30,0.0021091,1,0,0.13984,0.17289,0.21356,-0.0052598,-2.8168e-25,1.2352,-0.030423,-1.6293e-24,4,0,0
30,0.0021091,1,0,0.13984,0.17289,0.21356,-0.0052598,-2.8168e-25,1.2352,-0.030423,-1.6293e-24,4,0,1
30,0.0021091,1,0,0.13984,0.17289,0.21356,-0.0052598,-2.8168e-25,1.2352,-0.030423,-1.6293e-24,4,4,1
30,0.0021091,1,0,0.13984,0.17289,0.21356,-0.0052598,-2.8168e-25,1.2352,-0.030423,-1.6293e-24,4,4,0
