"kst","nut","wetDry","S","alpha","H","HU:0","HU:1","HU:2","U:0","U:1","U:2","Points:0","Points:1","Points:2"
30,0.0038639,1,0,0.19397,0.19936,0.4131,-0.008201,2.8342e-27,2.0721,-0.041136,1.4216e-26,4,0,0
30,0.0038639,1,0,0.19397,0.19936,0.4131,-0.008201,2.8342e-27,2.0721,-0.041136,1.4216e-26,4,0,1
30,0.0038639,1,0,0.19397,0.19936,0.4131,-0.008201,2.8342e-27,2.0721,-0.041136,1.4216e-26,4,4,1
30,0.0038639,1,0,0.19397,0.19936,0.4131,-0.008201,2.8342e-27,2.0721,-0.041136,1.4216e-26,4,4,0
