"kst","nut","wetDry","S","alpha","H","HU:0","HU:1","HU:2","U:0","U:1","U:2","Points:0","Points:1","Points:2"
30,0.010712,1,0,0.36493,0.23551,1.1416,-0.026102,7.8745e-22,4.8471,-0.11083,3.3436e-21,4,0,0
30,0.010712,1,0,0.36493,0.23551,1.1416,-0.026102,7.8745e-22,4.8471,-0.11083,3.3436e-21,4,0,1
30,0.010712,1,0,0.36493,0.23551,1.1416,-0.026102,7.8745e-22,4.8471,-0.11083,3.3436e-21,4,4,1
30,0.010712,1,0,0.36493,0.23551,1.1416,-0.026102,7.8745e-22,4.8471,-0.11083,3.3436e-21,4,4,0
