"kst","nut","wetDry","S","alpha","H","HU:0","HU:1","HU:2","U:0","U:1","U:2","Points:0","Points:1","Points:2"
30,0.014722,1,0,0.38579,0.26809,1.6349,-0.024804,7.2588e-22,6.0984,-0.092524,2.7077e-21,4,0,0
30,0.014722,1,0,0.38579,0.26809,1.6349,-0.024804,7.2588e-22,6.0984,-0.092524,2.7077e-21,4,0,1
30,0.014722,1,0,0.38579,0.26809,1.6349,-0.024804,7.2588e-22,6.0984,-0.092524,2.7077e-21,4,4,1
30,0.014722,1,0,0.38579,0.26809,1.6349,-0.024804,7.2588e-22,6.0984,-0.092524,2.7077e-21,4,4,0
