"kst","nut","wetDry","S","alpha","H","HU:0","HU:1","HU:2","U:0","U:1","U:2","Points:0","Points:1","Points:2"
30,0.0032188,1,0,0.26237,0.18179,0.44689,0.00052522,2.5357e-24,2.4583,0.0028892,1.3948e-23,4,0,0
30,0.0032188,1,0,0.26237,0.18179,0.44689,0.00052522,2.5357e-24,2.4583,0.0028892,1.3948e-23,4,0,1
30,0.0032188,1,0,0.26237,0.18179,0.44689,0.00052522,2.5357e-24,2.4583,0.0028892,1.3948e-23,4,4,1
30,0.0032188,1,0,0.26237,0.18179,0.44689,0.00052522,2.5357e-24,2.4583,0.0028892,1.3948e-23,4,4,0
