"kst","nut","wetDry","S","alpha","H","HU:0","HU:1","HU:2","U:0","U:1","U:2","Points:0","Points:1","Points:2"
30,0.0049597,1,0,0.30434,0.17898,0.50248,-0.0087136,7.8078e-23,2.8074,-0.048683,4.3623e-22,4,0,0
30,0.0049597,1,0,0.30434,0.17898,0.50248,-0.0087136,7.8078e-23,2.8074,-0.048683,4.3623e-22,4,0,1
30,0.0049597,1,0,0.30434,0.17898,0.50248,-0.0087136,7.8078e-23,2.8074,-0.048683,4.3623e-22,4,4,1
30,0.0049597,1,0,0.30434,0.17898,0.50248,-0.0087136,7.8078e-23,2.8074,-0.048683,4.3623e-22,4,4,0
