"kst","nut","wetDry","S","alpha","H","HU:0","HU:1","HU:2","U:0","U:1","U:2","Points:0","Points:1","Points:2"
30,0.0041987,1,0,0.22481,0.1968,0.46464,-0.0018791,6.3346e-27,2.361,-0.009548,3.2188e-26,4,0,0
30,0.0041987,1,0,0.22481,0.1968,0.46464,-0.0018791,6.3346e-27,2.361,-0.009548,3.2188e-26,4,0,1
30,0.0041987,1,0,0.22481,0.1968,0.46464,-0.0018791,6.3346e-27,2.361,-0.009548,3.2188e-26,4,4,1
30,0.0041987,1,0,0.22481,0.1968,0.46464,-0.0018791,6.3346e-27,2.361,-0.009548,3.2188e-26,4,4,0
