"kst","nut","wetDry","S","alpha","H","HU:0","HU:1","HU:2","U:0","U:1","U:2","Points:0","Points:1","Points:2"
30,0.0041168,1,0,0.20692,0.19997,0.44387,-0.0054658,2.2009e-26,2.2197,-0.027333,1.1006e-25,4,0,0
30,0.0041168,1,0,0.20692,0.19997,0.44387,-0.0054658,2.2009e-26,2.2197,-0.027333,1.1006e-25,4,0,1
30,0.0041168,1,0,0.20692,0.19997,0.44387,-0.0054658,2.2009e-26,2.2197,-0.027333,1.1006e-25,4,4,1
30,0.0041168,1,0,0.20692,0.19997,0.44387,-0.0054658,2.2009e-26,2.2197,-0.027333,1.1006e-25,4,4,0
