"kst","nut","wetDry","S","alpha","H","HU:0","HU:1","HU:2","U:0","U:1","U:2","Points:0","Points:1","Points:2"
30,0.0030396,1,0,0.15669,0.19596,0.32054,-0.0076041,3.0986e-27,1.6358,-0.038804,1.5812e-26,4,0,0
30,0.0030396,1,0,0.15669,0.19596,0.32054,-0.0076041,3.0986e-27,1.6358,-0.038804,1.5812e-26,4,0,1
30,0.0030396,1,0,0.15669,0.19596,0.32054,-0.0076041,3.0986e-27,1.6358,-0.038804,1.5812e-26,4,4,1
30,0.0030396,1,0,0.15669,0.19596,0.32054,-0.0076041,3.0986e-27,1.6358,-0.038804,1.5812e-26,4,4,0
