"kst","nut","wetDry","S","alpha","H","HU:0","HU:1","HU:2","U:0","U:1","U:2","Points:0","Points:1","Points:2"
30,0.0035449,1,0,0.17953,0.19822,0.37724,-0.0077728,1.4442e-27,1.9032,-0.039214,7.2861e-27,4,0,0
30,0.0035449,1,0,0.17953,0.19822,0.37724,-0.0077728,1.4442e-27,1.9032,-0.039214,7.2861e-27,4,0,1
30,0.0035449,1,0,0.17953,0.19822,0.37724,-0.0077728,1.4442e-27,1.9032,-0.039214,7.2861e-27,4,4,1
30,0.0035449,1,0,0.17953,0.19822,0.37724,-0.0077728,1.4442e-27,1.9032,-0.039214,7.2861e-27,4,4,0
