"kst","nut","wetDry","S","alpha","H","HU:0","HU:1","HU:2","U:0","U:1","U:2","Points:0","Points:1","Points:2"
30,0,0,0,0.84891,1.484e-05,1.5194e-05,9.7473e-06,1.1009e-25,0.015194,0.0097473,1.1009e-22,4,0,0
30,0,0,0,0.84891,1.484e-05,1.5194e-05,9.7473e-06,1.1009e-25,0.015194,0.0097473,1.1009e-22,4,0,1
30,0,0,0,0.84891,1.484e-05,1.5194e-05,9.7473e-06,1.1009e-25,0.015194,0.0097473,1.1009e-22,4,4,1
30,0,0,0,0.84891,1.484e-05,1.5194e-05,9.7473e-06,1.1009e-25,0.015194,0.0097473,1.1009e-22,4,4,0
