"kst","nut","wetDry","S","alpha","H","HU:0","HU:1","HU:2","U:0","U:1","U:2","Points:0","Points:1","Points:2"
30,0.0022924,1,0,0.13753,0.17901,0.2272,-0.0053823,-1.8513e-24,1.2692,-0.030067,-1.0342e-23,4,0,0
30,0.0022924,1,0,0.13753,0.17901,0.2272,-0.0053823,-1.8513e-24,1.2692,-0.030067,-1.0342e-23,4,0,1
30,0.0022924,1,0,0.13753,0.17901,0.2272,-0.0053823,-1.8513e-24,1.2692,-0.030067,-1.0342e-23,4,4,1
30,0.0022924,1,0,0.13753,0.17901,0.2272,-0.0053823,-1.8513e-24,1.2692,-0.030067,-1.0342e-23,4,4,0
