"kst","nut","wetDry","S","alpha","H","HU:0","HU:1","HU:2","U:0","U:1","U:2","Points:0","Points:1","Points:2"
30,0.0020206,1,0,0.1412,0.16676,0.19784,-0.0039034,-5.5148e-25,1.1864,-0.023408,-3.3071e-24,4,0,0
30,0.0020206,1,0,0.1412,0.16676,0.19784,-0.0039034,-5.5148e-25,1.1864,-0.023408,-3.3071e-24,4,0,1
30,0.0020206,1,0,0.1412,0.16676,0.19784,-0.0039034,-5.5148e-25,1.1864,-0.023408,-3.3071e-24,4,4,1
30,0.0020206,1,0,0.1412,0.16676,0.19784,-0.0039034,-5.5148e-25,1.1864,-0.023408,-3.3071e-24,4,4,0
