"kst","nut","wetDry","S","alpha","H","HU:0","HU:1","HU:2","U:0","U:1","U:2","Points:0","Points:1","Points:2"
30,0.010969,1,0,0.63831,0.19145,1.242,0.0024689,2.1844e-22,6.4874,0.012896,1.141e-21,4,0,0
30,0.010969,1,0,0.63831,0.19145,1.242,0.0024689,2.1844e-22,6.4874,0.012896,1.141e-21,4,0,1
30,0.010969,1,0,0.63831,0.19145,1.242,0.0024689,2.1844e-22,6.4874,0.012896,1.141e-21,4,4,1
30,0.010969,1,0,0.63831,0.19145,1.242,0.0024689,2.1844e-22,6.4874,0.012896,1.141e-21,4,4,0
