"kst","nut","wetDry","S","alpha","H","HU:0","HU:1","HU:2","U:0","U:1","U:2","Points:0","Points:1","Points:2"
30,0.0026363,1,0,0.73253,0.098315,0.29981,0.0010546,1.822e-23,3.0495,0.010727,1.8532e-22,4,0,0
30,0.0026363,1,0,0.73253,0.098315,0.29981,0.0010546,1.822e-23,3.0495,0.010727,1.8532e-22,4,0,1
30,0.0026363,1,0,0.73253,0.098315,0.29981,0.0010546,1.822e-23,3.0495,0.010727,1.8532e-22,4,4,1
30,0.0026363,1,0,0.73253,0.098315,0.29981,0.0010546,1.822e-23,3.0495,0.010727,1.8532e-22,4,4,0
