"kst","nut","wetDry","S","alpha","H","HU:0","HU:1","HU:2","U:0","U:1","U:2","Points:0","Points:1","Points:2"
30,0.0045056,1,0,0.30371,0.17158,0.45461,-0.0077815,0,2.6496,-0.045353,0,4,0,0
30,0.0045056,1,0,0.30371,0.17158,0.45461,-0.0077815,0,2.6496,-0.045353,0,4,0,1
30,0.0045056,1,0,0.30371,0.17158,0.45461,-0.0077815,0,2.6496,-0.045353,0,4,4,1
30,0.0045056,1,0,0.30371,0.17158,0.45461,-0.0077815,0,2.6496,-0.045353,0,4,4,0
