"kst","nut","wetDry","S","alpha","H","HU:0","HU:1","HU:2","U:0","U:1","U:2","Points:0","Points:1","Points:2"
30,0.011414,1,0,0.37021,0.24088,1.2201,-0.028499,8.1673e-22,5.0654,-0.11831,3.3907e-21,4,0,0
30,0.011414,1,0,0.37021,0.24088,1.2201,-0.028499,8.1673e-22,5.0654,-0.11831,3.3907e-21,4,0,1
30,0.011414,1,0,0.37021,0.24088,1.2201,-0.028499,8.1673e-22,5.0654,-0.11831,3.3907e-21,4,4,1
30,0.011414,1,0,0.37021,0.24088,1.2201,-0.028499,8.1673e-22,5.0654,-0.11831,3.3907e-21,4,4,0
