"kst","nut","wetDry","S","alpha","H","HU:0","HU:1","HU:2","U:0","U:1","U:2","Points:0","Points:1","Points:2"
30,0.0060298,1,0,0.30986,0.19427,0.61915,-0.011557,1.8567e-22,3.1871,-0.059489,9.5576e-22,4,0,0
30,0.0060298,1,0,0.30986,0.19427,0.61915,-0.011557,1.8567e-22,3.1871,-0.059489,9.5576e-22,4,0,1
30,0.0060298,1,0,0.30986,0.19427,0.61915,-0.011557,1.8567e-22,3.1871,-0.059489,9.5576e-22,4,4,1
30,0.0060298,1,0,0.30986,0.19427,0.61915,-0.011557,1.8567e-22,3.1871,-0.059489,9.5576e-22,4,4,0
