"kst","nut","wetDry","S","alpha","H","HU:0","HU:1","HU:2","U:0","U:1","U:2","Points:0","Points:1","Points:2"
30,0,0,0,0.00010004,5.7608e-09,1.8672e-09,1.4949e-09,1.1359e-29,1.8672e-06,1.4949e-06,1.1359e-26,4,0,0
30,0,0,0,0.00010004,5.7608e-09,1.8672e-09,1.4949e-09,1.1359e-29,1.8672e-06,1.4949e-06,1.1359e-26,4,0,1
30,0,0,0,0.00010004,5.7608e-09,1.8672e-09,1.4949e-09,1.1359e-29,1.8672e-06,1.4949e-06,1.1359e-26,4,4,1
30,0,0,0,0.00010004,5.7608e-09,1.8672e-09,1.4949e-09,1.1359e-29,1.8672e-06,1.4949e-06,1.1359e-26,4,4,0
