"kst","nut","wetDry","S","alpha","H","HU:0","HU:1","HU:2","U:0","U:1","U:2","Points:0","Points:1","Points:2"
30,0.0039693,1,0,0.22164,0.19829,0.46427,-0.0032903,1.5342e-27,2.3413,-0.016593,7.7371e-27,4,0,0
30,0.0039693,1,0,0.22164,0.19829,0.46427,-0.0032903,1.5342e-27,2.3413,-0.016593,7.7371e-27,4,0,1
30,0.0039693,1,0,0.22164,0.19829,0.46427,-0.0032903,1.5342e-27,2.3413,-0.016593,7.7371e-27,4,4,1
30,0.0039693,1,0,0.22164,0.19829,0.46427,-0.0032903,1.5342e-27,2.3413,-0.016593,7.7371e-27,4,4,0
