"kst","nut","wetDry","S","alpha","H","HU:0","HU:1","HU:2","U:0","U:1","U:2","Points:0","Points:1","Points:2"
30,0.0054595,1,0,0.30634,0.18666,0.55776,-0.0097038,1.3495e-22,2.9881,-0.051987,7.23e-22,4,0,0
30,0.0054595,1,0,0.30634,0.18666,0.55776,-0.0097038,1.3495e-22,2.9881,-0.051987,7.23e-22,4,0,1
30,0.0054595,1,0,0.30634,0.18666,0.55776,-0.0097038,1.3495e-22,2.9881,-0.051987,7.23e-22,4,4,1
30,0.0054595,1,0,0.30634,0.18666,0.55776,-0.0097038,1.3495e-22,2.9881,-0.051987,7.23e-22,4,4,0
