"kst","nut","wetDry","S","alpha","H","HU:0","HU:1","HU:2","U:0","U:1","U:2","Points:0","Points:1","Points:2"
30,0.0089998,1,0,0.32088,0.23099,0.96057,-0.019996,4.3428e-22,4.1585,-0.086565,1.8801e-21,4,0,0
30,0.0089998,1,0,0.32088,0.23099,0.96057,-0.019996,4.3428e-22,4.1585,-0.086565,1.8801e-21,4,0,1
30,0.0089998,1,0,0.32088,0.23099,0.96057,-0.019996,4.3428e-22,4.1585,-0.086565,1.8801e-21,4,4,1
30,0.0089998,1,0,0.32088,0.23099,0.96057,-0.019996,4.3428e-22,4.1585,-0.086565,1.8801e-21,4,4,0
