"kst","nut","wetDry","S","alpha","H","HU:0","HU:1","HU:2","U:0","U:1","U:2","Points:0","Points:1","Points:2"
30,0.0017879,1,0,1.5554,0.069563,0.25107,0.0011429,1.6776e-23,3.6093,0.016429,2.4117e-22,4,0,0
30,0.0017879,1,0,1.5554,0.069563,0.25107,0.0011429,1.6776e-23,3.6093,0.016429,2.4117e-22,4,0,1
30,0.0017879,1,0,1.5554,0.069563,0.25107,0.0011429,1.6776e-23,3.6093,0.016429,2.4117e-22,4,4,1
30,0.0017879,1,0,1.5554,0.069563,0.25107,0.0011429,1.6776e-23,3.6093,0.016429,2.4117e-22,4,4,0
