"kst","nut","wetDry","S","alpha","H","HU:0","HU:1","HU:2","U:0","U:1","U:2","Points:0","Points:1","Points:2"
30,0.0071721,1,0,0.31017,0.21029,0.7455,-0.017034,2.7207e-22,3.5451,-0.081002,1.2938e-21,4,0,0
30,0.0071721,1,0,0.31017,0.21029,0.7455,-0.017034,2.7207e-22,3.5451,-0.081002,1.2938e-21,4,0,1
30,0.0071721,1,0,0.31017,0.21029,0.7455,-0.017034,2.7207e-22,3.5451,-0.081002,1.2938e-21,4,4,1
30,0.0071721,1,0,0.31017,0.21029,0.7455,-0.017034,2.7207e-22,3.5451,-0.081002,1.2938e-21,4,4,0
