"kst","nut","wetDry","S","alpha","H","HU:0","HU:1","HU:2","U:0","U:1","U:2","Points:0","Points:1","Points:2"
30,0,0,0,67.576,0.00027146,0.0006027,0.00014528,1.9215e-24,0.6027,0.14528,1.9215e-21,4,0,0
30,0,0,0,67.576,0.00027146,0.0006027,0.00014528,1.9215e-24,0.6027,0.14528,1.9215e-21,4,0,1
30,0,0,0,67.576,0.00027146,0.0006027,0.00014528,1.9215e-24,0.6027,0.14528,1.9215e-21,4,4,1
30,0,0,0,67.576,0.00027146,0.0006027,0.00014528,1.9215e-24,0.6027,0.14528,1.9215e-21,4,4,0
