"kst","nut","wetDry","S","alpha","H","HU:0","HU:1","HU:2","U:0","U:1","U:2","Points:0","Points:1","Points:2"
30,0.0026948,1,0,0.14257,0.19179,0.2774,-0.0056245,2.9047e-27,1.4464,-0.029326,1.5145e-26,4,0,0
30,0.0026948,1,0,0.14257,0.19179,0.2774,-0.0056245,2.9047e-27,1.4464,-0.029326,1.5145e-26,4,0,1
30,0.0026948,1,0,0.14257,0.19179,0.2774,-0.0056245,2.9047e-27,1.4464,-0.029326,1.5145e-26,4,4,1
30,0.0026948,1,0,0.14257,0.19179,0.2774,-0.0056245,2.9047e-27,1.4464,-0.029326,1.5145e-26,4,4,0
