"kst","nut","wetDry","S","alpha","H","HU:0","HU:1","HU:2","U:0","U:1","U:2","Points:0","Points:1","Points:2"
30,0.0075621,1,0,0.30972,0.21593,0.79202,-0.018369,3.0517e-22,3.6679,-0.085071,1.4133e-21,4,0,0
30,0.0075621,1,0,0.30972,0.21593,0.79202,-0.018369,3.0517e-22,3.6679,-0.085071,1.4133e-21,4,0,1
30,0.0075621,1,0,0.30972,0.21593,0.79202,-0.018369,3.0517e-22,3.6679,-0.085071,1.4133e-21,4,4,1
30,0.0075621,1,0,0.30972,0.21593,0.79202,-0.018369,3.0517e-22,3.6679,-0.085071,1.4133e-21,4,4,0
