"kst","nut","wetDry","S","alpha","H","HU:0","HU:1","HU:2","U:0","U:1","U:2","Points:0","Points:1","Points:2"
30,0.014161,1,0,0.3911,0.25877,1.5248,-0.027878,7.1664e-22,5.8924,-0.10773,2.7694e-21,4,0,0
30,0.014161,1,0,0.3911,0.25877,1.5248,-0.027878,7.1664e-22,5.8924,-0.10773,2.7694e-21,4,0,1
30,0.014161,1,0,0.3911,0.25877,1.5248,-0.027878,7.1664e-22,5.8924,-0.10773,2.7694e-21,4,4,1
30,0.014161,1,0,0.3911,0.25877,1.5248,-0.027878,7.1664e-22,5.8924,-0.10773,2.7694e-21,4,4,0
