"kst","nut","wetDry","S","alpha","H","HU:0","HU:1","HU:2","U:0","U:1","U:2","Points:0","Points:1","Points:2"
30,0.0041203,1,0,0.21116,0.19998,0.45166,-0.0047527,1.3854e-27,2.2585,-0.023766,6.9279e-27,4,0,0
30,0.0041203,1,0,0.21116,0.19998,0.45166,-0.0047527,1.3854e-27,2.2585,-0.023766,6.9279e-27,4,0,1
30,0.0041203,1,0,0.21116,0.19998,0.45166,-0.0047527,1.3854e-27,2.2585,-0.023766,6.9279e-27,4,4,1
30,0.0041203,1,0,0.21116,0.19998,0.45166,-0.0047527,1.3854e-27,2.2585,-0.023766,6.9279e-27,4,4,0
