"kst","nut","wetDry","S","alpha","H","HU:0","HU:1","HU:2","U:0","U:1","U:2","Points:0","Points:1","Points:2"
30,0.0023977,1,0,0.13718,0.18318,0.23906,-0.0058864,-3.287e-24,1.305,-0.032134,-1.7944e-23,4,0,0
30,0.0023977,1,0,0.13718,0.18318,0.23906,-0.0058864,-3.287e-24,1.305,-0.032134,-1.7944e-23,4,0,1
30,0.0023977,1,0,0.13718,0.18318,0.23906,-0.0058864,-3.287e-24,1.305,-0.032134,-1.7944e-23,4,4,1
30,0.0023977,1,0,0.13718,0.18318,0.23906,-0.0058864,-3.287e-24,1.305,-0.032134,-1.7944e-23,4,4,0
