"kst","nut","wetDry","S","alpha","H","HU:0","HU:1","HU:2","U:0","U:1","U:2","Points:0","Points:1","Points:2"
30,0.0018739,1,0,0.14478,0.1591,0.18183,-0.0035195,5.1083e-25,1.1429,-0.022122,3.2108e-24,4,0,0
30,0.0018739,1,0,0.14478,0.1591,0.18183,-0.0035195,5.1083e-25,1.1429,-0.022122,3.2108e-24,4,0,1
30,0.0018739,1,0,0.14478,0.1591,0.18183,-0.0035195,5.1083e-25,1.1429,-0.022122,3.2108e-24,4,4,1
30,0.0018739,1,0,0.14478,0.1591,0.18183,-0.0035195,5.1083e-25,1.1429,-0.022122,3.2108e-24,4,4,0
