"kst","nut","wetDry","S","alpha","H","HU:0","HU:1","HU:2","U:0","U:1","U:2","Points:0","Points:1","Points:2"
30,0.0034628,1,0,0.17379,0.19723,0.35938,-0.0075605,5.7433e-28,1.8221,-0.038334,2.912e-27,4,0,0
30,0.0034628,1,0,0.17379,0.19723,0.35938,-0.0075605,5.7433e-28,1.8221,-0.038334,2.912e-27,4,0,1
30,0.0034628,1,0,0.17379,0.19723,0.35938,-0.0075605,5.7433e-28,1.8221,-0.038334,2.912e-27,4,4,1
30,0.0034628,1,0,0.17379,0.19723,0.35938,-0.0075605,5.7433e-28,1.8221,-0.038334,2.912e-27,4,4,0
