"kst","nut","wetDry","S","alpha","H","HU:0","HU:1","HU:2","U:0","U:1","U:2","Points:0","Points:1","Points:2"
30,0.0027141,1,0,0.14202,0.19213,0.27657,-0.0057644,-8.6206e-30,1.4395,-0.030002,-4.4868e-29,4,0,0
30,0.0027141,1,0,0.14202,0.19213,0.27657,-0.0057644,-8.6206e-30,1.4395,-0.030002,-4.4868e-29,4,0,1
30,0.0027141,1,0,0.14202,0.19213,0.27657,-0.0057644,-8.6206e-30,1.4395,-0.030002,-4.4868e-29,4,4,1
30,0.0027141,1,0,0.14202,0.19213,0.27657,-0.0057644,-8.6206e-30,1.4395,-0.030002,-4.4868e-29,4,4,0
