"kst","nut","wetDry","S","alpha","H","HU:0","HU:1","HU:2","U:0","U:1","U:2","Points:0","Points:1","Points:2"
30,0.0017356,1,0,0.15102,0.15048,0.16659,-0.0032419,7.8976e-25,1.1071,-0.021543,5.2482e-24,4,0,0
30,0.0017356,1,0,0.15102,0.15048,0.16659,-0.0032419,7.8976e-25,1.1071,-0.021543,5.2482e-24,4,0,1
30,0.0017356,1,0,0.15102,0.15048,0.16659,-0.0032419,7.8976e-25,1.1071,-0.021543,5.2482e-24,4,4,1
30,0.0017356,1,0,0.15102,0.15048,0.16659,-0.0032419,7.8976e-25,1.1071,-0.021543,5.2482e-24,4,4,0
