"kst","nut","wetDry","S","alpha","H","HU:0","HU:1","HU:2","U:0","U:1","U:2","Points:0","Points:1","Points:2"
30,0.0033125,1,0,0.16693,0.19667,0.34286,-0.0078215,5.731e-28,1.7433,-0.039769,2.914e-27,4,0,0
30,0.0033125,1,0,0.16693,0.19667,0.34286,-0.0078215,5.731e-28,1.7433,-0.039769,2.914e-27,4,0,1
30,0.0033125,1,0,0.16693,0.19667,0.34286,-0.0078215,5.731e-28,1.7433,-0.039769,2.914e-27,4,4,1
30,0.0033125,1,0,0.16693,0.19667,0.34286,-0.0078215,5.731e-28,1.7433,-0.039769,2.914e-27,4,4,0
