"kst","nut","wetDry","S","alpha","H","HU:0","HU:1","HU:2","U:0","U:1","U:2","Points:0","Points:1","Points:2"
30,0.0097406,1,0,0.33693,0.2346,1.0448,-0.025348,6.7045e-22,4.4534,-0.10805,2.8579e-21,4,0,0
30,0.0097406,1,0,0.33693,0.2346,1.0448,-0.025348,6.7045e-22,4.4534,-0.10805,2.8579e-21,4,0,1
30,0.0097406,1,0,0.33693,0.2346,1.0448,-0.025348,6.7045e-22,4.4534,-0.10805,2.8579e-21,4,4,1
30,0.0097406,1,0,0.33693,0.2346,1.0448,-0.025348,6.7045e-22,4.4534,-0.10805,2.8579e-21,4,4,0
