"kst","nut","wetDry","S","alpha","H","HU:0","HU:1","HU:2","U:0","U:1","U:2","Points:0","Points:1","Points:2"
30,0.0036282,1,0,0.18019,0.19837,0.37757,-0.00771,5.0788e-28,1.9034,-0.038868,2.5603e-27,4,0,0
30,0.0036282,1,0,0.18019,0.19837,0.37757,-0.00771,5.0788e-28,1.9034,-0.038868,2.5603e-27,4,0,1
30,0.0036282,1,0,0.18019,0.19837,0.37757,-0.00771,5.0788e-28,1.9034,-0.038868,2.5603e-27,4,4,1
30,0.0036282,1,0,0.18019,0.19837,0.37757,-0.00771,5.0788e-28,1.9034,-0.038868,2.5603e-27,4,4,0
