"kst","nut","wetDry","S","alpha","H","HU:0","HU:1","HU:2","U:0","U:1","U:2","Points:0","Points:1","Points:2"
30,0.003974,1,0,0.19737,0.19949,0.41897,-0.0080354,8.9375e-28,2.1002,-0.04028,4.4802e-27,4,0,0
30,0.003974,1,0,0.19737,0.19949,0.41897,-0.0080354,8.9375e-28,2.1002,-0.04028,4.4802e-27,4,0,1
30,0.003974,1,0,0.19737,0.19949,0.41897,-0.0080354,8.9375e-28,2.1002,-0.04028,4.4802e-27,4,4,1
30,0.003974,1,0,0.19737,0.19949,0.41897,-0.0080354,8.9375e-28,2.1002,-0.04028,4.4802e-27,4,4,0
