"kst","nut","wetDry","S","alpha","H","HU:0","HU:1","HU:2","U:0","U:1","U:2","Points:0","Points:1","Points:2"
30,0.0016678,1,0,0.1546,0.14608,0.15913,-0.0031229,9.3277e-25,1.0893,-0.021378,6.3854e-24,4,0,0
30,0.0016678,1,0,0.1546,0.14608,0.15913,-0.0031229,9.3277e-25,1.0893,-0.021378,6.3854e-24,4,0,1
30,0.0016678,1,0,0.1546,0.14608,0.15913,-0.0031229,9.3277e-25,1.0893,-0.021378,6.3854e-24,4,4,1
30,0.0016678,1,0,0.1546,0.14608,0.15913,-0.0031229,9.3277e-25,1.0893,-0.021378,6.3854e-24,4,4,0
