"kst","nut","wetDry","S","alpha","H","HU:0","HU:1","HU:2","U:0","U:1","U:2","Points:0","Points:1","Points:2"
30,0.0019452,1,0,0.14268,0.16304,0.18968,-0.0036713,-2.5818e-25,1.1634,-0.022518,-1.5836e-24,4,0,0
30,0.0019452,1,0,0.14268,0.16304,0.18968,-0.0036713,-2.5818e-25,1.1634,-0.022518,-1.5836e-24,4,0,1
30,0.0019452,1,0,0.14268,0.16304,0.18968,-0.0036713,-2.5818e-25,1.1634,-0.022518,-1.5836e-24,4,4,1
30,0.0019452,1,0,0.14268,0.16304,0.18968,-0.0036713,-2.5818e-25,1.1634,-0.022518,-1.5836e-24,4,4,0
