"kst","nut","wetDry","S","alpha","H","HU:0","HU:1","HU:2","U:0","U:1","U:2","Points:0","Points:1","Points:2"
30,0.0079256,1,0,0.31106,0.22046,0.83508,-0.018686,3.3928e-22,3.7878,-0.084758,1.5389e-21,4,0,0
30,0.0079256,1,0,0.31106,0.22046,0.83508,-0.018686,3.3928e-22,3.7878,-0.084758,1.5389e-21,4,0,1
30,0.0079256,1,0,0.31106,0.22046,0.83508,-0.018686,3.3928e-22,3.7878,-0.084758,1.5389e-21,4,4,1
30,0.0079256,1,0,0.31106,0.22046,0.83508,-0.018686,3.3928e-22,3.7878,-0.084758,1.5389e-21,4,4,0
