"kst","nut","wetDry","S","alpha","H","HU:0","HU:1","HU:2","U:0","U:1","U:2","Points:0","Points:1","Points:2"
30,0.0021027,1,0,0.13993,0.17056,0.20663,-0.0042762,-4.8861e-25,1.2114,-0.025071,-2.8647e-24,4,0,0
30,0.0021027,1,0,0.13993,0.17056,0.20663,-0.0042762,-4.8861e-25,1.2114,-0.025071,-2.8647e-24,4,0,1
30,0.0021027,1,0,0.13993,0.17056,0.20663,-0.0042762,-4.8861e-25,1.2114,-0.025071,-2.8647e-24,4,4,1
30,0.0021027,1,0,0.13993,0.17056,0.20663,-0.0042762,-4.8861e-25,1.2114,-0.025071,-2.8647e-24,4,4,0
