"kst","nut","wetDry","S","alpha","H","HU:0","HU:1","HU:2","U:0","U:1","U:2","Points:0","Points:1","Points:2"
30,0.0023424,1,0,0.13792,0.18098,0.23435,-0.0061448,-3.4929e-24,1.2949,-0.033953,-1.93e-23,4,0,0
30,0.0023424,1,0,0.13792,0.18098,0.23435,-0.0061448,-3.4929e-24,1.2949,-0.033953,-1.93e-23,4,0,1
30,0.0023424,1,0,0.13792,0.18098,0.23435,-0.0061448,-3.4929e-24,1.2949,-0.033953,-1.93e-23,4,4,1
30,0.0023424,1,0,0.13792,0.18098,0.23435,-0.0061448,-3.4929e-24,1.2949,-0.033953,-1.93e-23,4,4,0
