"kst","nut","wetDry","S","alpha","H","HU:0","HU:1","HU:2","U:0","U:1","U:2","Points:0","Points:1","Points:2"
30,0.0052049,1,0,0.30504,0.18288,0.52953,-0.0091927,1.0751e-22,2.8955,-0.050266,5.8789e-22,4,0,0
30,0.0052049,1,0,0.30504,0.18288,0.52953,-0.0091927,1.0751e-22,2.8955,-0.050266,5.8789e-22,4,0,1
30,0.0052049,1,0,0.30504,0.18288,0.52953,-0.0091927,1.0751e-22,2.8955,-0.050266,5.8789e-22,4,4,1
30,0.0052049,1,0,0.30504,0.18288,0.52953,-0.0091927,1.0751e-22,2.8955,-0.050266,5.8789e-22,4,4,0
