"kst","nut","wetDry","S","alpha","H","HU:0","HU:1","HU:2","U:0","U:1","U:2","Points:0","Points:1","Points:2"
30,0.013074,1,0,0.39492,0.24824,1.3954,-0.031681,1.0328e-21,5.6212,-0.12763,4.1607e-21,4,0,0
30,0.013074,1,0,0.39492,0.24824,1.3954,-0.031681,1.0328e-21,5.6212,-0.12763,4.1607e-21,4,0,1
30,0.013074,1,0,0.39492,0.24824,1.3954,-0.031681,1.0328e-21,5.6212,-0.12763,4.1607e-21,4,4,1
30,0.013074,1,0,0.39492,0.24824,1.3954,-0.031681,1.0328e-21,5.6212,-0.12763,4.1607e-21,4,4,0
