"kst","nut","wetDry","S","alpha","H","HU:0","HU:1","HU:2","U:0","U:1","U:2","Points:0","Points:1","Points:2"
30,0.0067656,1,0,0.31099,0.2043,0.69866,-0.015107,2.4031e-22,3.4197,-0.073946,1.1763e-21,4,0,0
30,0.0067656,1,0,0.31099,0.2043,0.69866,-0.015107,2.4031e-22,3.4197,-0.073946,1.1763e-21,4,0,1
30,0.0067656,1,0,0.31099,0.2043,0.69866,-0.015107,2.4031e-22,3.4197,-0.073946,1.1763e-21,4,4,1
30,0.0067656,1,0,0.31099,0.2043,0.69866,-0.015107,2.4031e-22,3.4197,-0.073946,1.1763e-21,4,4,0
