"kst","nut","wetDry","S","alpha","H","HU:0","HU:1","HU:2","U:0","U:1","U:2","Points:0","Points:1","Points:2"
30,0.0086491,1,0,0.31662,0.22793,0.91881,-0.01871,3.8461e-22,4.031,-0.082085,1.6874e-21,4,0,0
30,0.0086491,1,0,0.31662,0.22793,0.91881,-0.01871,3.8461e-22,4.031,-0.082085,1.6874e-21,4,0,1
30,0.0086491,1,0,0.31662,0.22793,0.91881,-0.01871,3.8461e-22,4.031,-0.082085,1.6874e-21,4,4,1
30,0.0086491,1,0,0.31662,0.22793,0.91881,-0.01871,3.8461e-22,4.031,-0.082085,1.6874e-21,4,4,0
