"kst","nut","wetDry","S","alpha","H","HU:0","HU:1","HU:2","U:0","U:1","U:2","Points:0","Points:1","Points:2"
30,0,0,0,0.00018124,5.192e-09,1.2232e-09,1.1262e-09,9.7017e-30,1.2232e-06,1.1262e-06,9.7017e-27,4,0,0
30,0,0,0,0.00018124,5.192e-09,1.2232e-09,1.1262e-09,9.7017e-30,1.2232e-06,1.1262e-06,9.7017e-27,4,0,1
30,0,0,0,0.00018124,5.192e-09,1.2232e-09,1.1262e-09,9.7017e-30,1.2232e-06,1.1262e-06,9.7017e-27,4,4,1
30,0,0,0,0.00018124,5.192e-09,1.2232e-09,1.1262e-09,9.7017e-30,1.2232e-06,1.1262e-06,9.7017e-27,4,4,0
