"kst","nut","wetDry","S","alpha","H","HU:0","HU:1","HU:2","U:0","U:1","U:2","Points:0","Points:1","Points:2"
30,0.0040846,1,0,0.20494,0.19993,0.4379,-0.006203,1.1996e-27,2.1903,-0.031026,6.0003e-27,4,0,0
30,0.0040846,1,0,0.20494,0.19993,0.4379,-0.006203,1.1996e-27,2.1903,-0.031026,6.0003e-27,4,0,1
30,0.0040846,1,0,0.20494,0.19993,0.4379,-0.006203,1.1996e-27,2.1903,-0.031026,6.0003e-27,4,4,1
30,0.0040846,1,0,0.20494,0.19993,0.4379,-0.006203,1.1996e-27,2.1903,-0.031026,6.0003e-27,4,4,0
