"kst","nut","wetDry","S","alpha","H","HU:0","HU:1","HU:2","U:0","U:1","U:2","Points:0","Points:1","Points:2"
30,0.0038072,1,0,0.18808,0.19918,0.39767,-0.0083097,5.0569e-28,1.9965,-0.041719,2.5388e-27,4,0,0
30,0.0038072,1,0,0.18808,0.19918,0.39767,-0.0083097,5.0569e-28,1.9965,-0.041719,2.5388e-27,4,0,1
30,0.0038072,1,0,0.18808,0.19918,0.39767,-0.0083097,5.0569e-28,1.9965,-0.041719,2.5388e-27,4,4,1
30,0.0038072,1,0,0.18808,0.19918,0.39767,-0.0083097,5.0569e-28,1.9965,-0.041719,2.5388e-27,4,4,0
