"kst","nut","wetDry","S","alpha","H","HU:0","HU:1","HU:2","U:0","U:1","U:2","Points:0","Points:1","Points:2"
30,0.001662,1,0,0.21712,0.12542,0.15619,-0.0093439,6.792e-25,1.2453,-0.074499,5.4152e-24,4,0,0
30,0.001662,1,0,0.21712,0.12542,0.15619,-0.0093439,6.792e-25,1.2453,-0.074499,5.4152e-24,4,0,1
30,0.001662,1,0,0.21712,0.12542,0.15619,-0.0093439,6.792e-25,1.2453,-0.074499,5.4152e-24,4,4,1
30,0.001662,1,0,0.21712,0.12542,0.15619,-0.0093439,6.792e-25,1.2453,-0.074499,5.4152e-24,4,4,0
