"kst","nut","wetDry","S","alpha","H","HU:0","HU:1","HU:2","U:0","U:1","U:2","Points:0","Points:1","Points:2"
30,0.0030484,1,0,0.34669,0.15568,0.41508,-0.036516,-3.1079e-24,2.6662,-0.23456,-1.9963e-23,4,0,0
30,0.0030484,1,0,0.34669,0.15568,0.41508,-0.036516,-3.1079e-24,2.6662,-0.23456,-1.9963e-23,4,0,1
30,0.0030484,1,0,0.34669,0.15568,0.41508,-0.036516,-3.1079e-24,2.6662,-0.23456,-1.9963e-23,4,4,1
30,0.0030484,1,0,0.34669,0.15568,0.41508,-0.036516,-3.1079e-24,2.6662,-0.23456,-1.9963e-23,4,4,0
