"kst","nut","wetDry","S","alpha","H","HU:0","HU:1","HU:2","U:0","U:1","U:2","Points:0","Points:1","Points:2"
30,0.028758,1,0,0.21736,0.47342,-3.4816,0,0,-7.3541,0,0,4,0,0
30,0.028758,1,0,0.21736,0.47342,-3.4816,0,0,-7.3541,0,0,4,0,1
30,0.028758,1,0,0.21736,0.47342,-3.4816,0,0,-7.3541,0,0,4,4,1
30,0.028758,1,0,0.21736,0.47342,-3.4816,0,0,-7.3541,0,0,4,4,0
