"kst","nut","wetDry","S","alpha","H","HU:0","HU:1","HU:2","U:0","U:1","U:2","Points:0","Points:1","Points:2"
30,0.047364,1,0,0.01514,2,-7,0,0,-3.5,0,0,8,0,0
30,0.047364,1,0,0.01514,2,-7,0,0,-3.5,0,0,8,4,0
30,0.047364,1,0,0.01514,2,-7,0,0,-3.5,0,0,8,4,1
30,0.047364,1,0,0.01514,2,-7,0,0,-3.5,0,0,8,0,1
