"kst","nut","wetDry","S","alpha","H","HU:0","HU:1","HU:2","U:0","U:1","U:2","Points:0","Points:1","Points:2"
30,0.045786,1,0,0.043531,1.2313,-6.4853,0,0,-5.2672,0,0,4,0,0
30,0.045786,1,0,0.043531,1.2313,-6.4853,0,0,-5.2672,0,0,4,0,1
30,0.045786,1,0,0.043531,1.2313,-6.4853,0,0,-5.2672,0,0,4,4,1
30,0.045786,1,0,0.043531,1.2313,-6.4853,0,0,-5.2672,0,0,4,4,0
