"kst","nut","wetDry","S","alpha","H","HU:0","HU:1","HU:2","U:0","U:1","U:2","Points:0","Points:1","Points:2"
30,0.043778,1,0,0.059712,1.0423,-6.0317,0,0,-5.7867,0,0,4,0,0
30,0.043778,1,0,0.059712,1.0423,-6.0317,0,0,-5.7867,0,0,4,0,1
30,0.043778,1,0,0.059712,1.0423,-6.0317,0,0,-5.7867,0,0,4,4,1
30,0.043778,1,0,0.059712,1.0423,-6.0317,0,0,-5.7867,0,0,4,4,0
