"kst","nut","wetDry","S","alpha","H","HU:0","HU:1","HU:2","U:0","U:1","U:2","Points:0","Points:1","Points:2"
30,0.045895,1,0,0.042606,1.2447,-6.5129,0,0,-5.2324,0,0,4,0,0
30,0.045895,1,0,0.042606,1.2447,-6.5129,0,0,-5.2324,0,0,4,0,1
30,0.045895,1,0,0.042606,1.2447,-6.5129,0,0,-5.2324,0,0,4,4,1
30,0.045895,1,0,0.042606,1.2447,-6.5129,0,0,-5.2324,0,0,4,4,0
