"kst","nut","wetDry","S","alpha","H","HU:0","HU:1","HU:2","U:0","U:1","U:2","Points:0","Points:1","Points:2"
30,0.031521,1,0,0.17953,0.53932,-3.8967,0,0,-7.2253,0,0,4,0,0
30,0.031521,1,0,0.17953,0.53932,-3.8967,0,0,-7.2253,0,0,4,0,1
30,0.031521,1,0,0.17953,0.53932,-3.8967,0,0,-7.2253,0,0,4,4,1
30,0.031521,1,0,0.17953,0.53932,-3.8967,0,0,-7.2253,0,0,4,4,0
