"kst","nut","wetDry","S","alpha","H","HU:0","HU:1","HU:2","U:0","U:1","U:2","Points:0","Points:1","Points:2"
30,0.045206,1,0,0.048434,1.1653,-6.3447,0,0,-5.4447,0,0,4,0,0
30,0.045206,1,0,0.048434,1.1653,-6.3447,0,0,-5.4447,0,0,4,0,1
30,0.045206,1,0,0.048434,1.1653,-6.3447,0,0,-5.4447,0,0,4,4,1
30,0.045206,1,0,0.048434,1.1653,-6.3447,0,0,-5.4447,0,0,4,4,0
