"kst","nut","wetDry","S","alpha","H","HU:0","HU:1","HU:2","U:0","U:1","U:2","Points:0","Points:1","Points:2"
30,0.033602,1,0,0.15389,0.59605,-4.2198,0,0,-7.0796,0,0,4,0,0
30,0.033602,1,0,0.15389,0.59605,-4.2198,0,0,-7.0796,0,0,4,0,1
30,0.033602,1,0,0.15389,0.59605,-4.2198,0,0,-7.0796,0,0,4,4,1
30,0.033602,1,0,0.15389,0.59605,-4.2198,0,0,-7.0796,0,0,4,4,0
