"kst","nut","wetDry","S","alpha","H","HU:0","HU:1","HU:2","U:0","U:1","U:2","Points:0","Points:1","Points:2"
30,0.041697,1,0,0.075596,0.91452,-5.6224,0,0,-6.1479,0,0,4,0,0
30,0.041697,1,0,0.075596,0.91452,-5.6224,0,0,-6.1479,0,0,4,0,1
30,0.041697,1,0,0.075596,0.91452,-5.6224,0,0,-6.1479,0,0,4,4,1
30,0.041697,1,0,0.075596,0.91452,-5.6224,0,0,-6.1479,0,0,4,4,0
