"kst","nut","wetDry","S","alpha","H","HU:0","HU:1","HU:2","U:0","U:1","U:2","Points:0","Points:1","Points:2"
30,0.044735,1,0,0.052274,1.1194,-6.2372,0,0,-5.5719,0,0,4,0,0
30,0.044735,1,0,0.052274,1.1194,-6.2372,0,0,-5.5719,0,0,4,0,1
30,0.044735,1,0,0.052274,1.1194,-6.2372,0,0,-5.5719,0,0,4,4,1
30,0.044735,1,0,0.052274,1.1194,-6.2372,0,0,-5.5719,0,0,4,4,0
