"kst","nut","wetDry","S","alpha","H","HU:0","HU:1","HU:2","U:0","U:1","U:2","Points:0","Points:1","Points:2"
30,0.040522,1,0,0.085409,0.85276,-5.4003,0,0,-6.3327,0,0,4,0,0
30,0.040522,1,0,0.085409,0.85276,-5.4003,0,0,-6.3327,0,0,4,0,1
30,0.040522,1,0,0.085409,0.85276,-5.4003,0,0,-6.3327,0,0,4,4,1
30,0.040522,1,0,0.085409,0.85276,-5.4003,0,0,-6.3327,0,0,4,4,0
