"kst","nut","wetDry","S","alpha","H","HU:0","HU:1","HU:2","U:0","U:1","U:2","Points:0","Points:1","Points:2"
30,0.028393,1,0,0.21718,0.47201,-3.4524,0,0,-7.3142,0,0,4,0,0
30,0.028393,1,0,0.21718,0.47201,-3.4524,0,0,-7.3142,0,0,4,0,1
30,0.028393,1,0,0.21718,0.47201,-3.4524,0,0,-7.3142,0,0,4,4,1
30,0.028393,1,0,0.21718,0.47201,-3.4524,0,0,-7.3142,0,0,4,4,0
