"kst","nut","wetDry","S","alpha","H","HU:0","HU:1","HU:2","U:0","U:1","U:2","Points:0","Points:1","Points:2"
30,0.042209,1,0,0.071597,0.94298,-5.7202,0,0,-6.066,0,0,4,0,0
30,0.042209,1,0,0.071597,0.94298,-5.7202,0,0,-6.066,0,0,4,0,1
30,0.042209,1,0,0.071597,0.94298,-5.7202,0,0,-6.066,0,0,4,4,1
30,0.042209,1,0,0.071597,0.94298,-5.7202,0,0,-6.066,0,0,4,4,0
