"kst","nut","wetDry","S","alpha","H","HU:0","HU:1","HU:2","U:0","U:1","U:2","Points:0","Points:1","Points:2"
30,0.0093494,1,0,0.34104,0.22899,0.99945,-0.030643,2.3497e-22,4.3646,-0.13382,1.0261e-21,4,0,0
30,0.0093494,1,0,0.34104,0.22899,0.99945,-0.030643,2.3497e-22,4.3646,-0.13382,1.0261e-21,4,0,1
30,0.0093494,1,0,0.34104,0.22899,0.99945,-0.030643,2.3497e-22,4.3646,-0.13382,1.0261e-21,4,4,1
30,0.0093494,1,0,0.34104,0.22899,0.99945,-0.030643,2.3497e-22,4.3646,-0.13382,1.0261e-21,4,4,0
