"kst","nut","wetDry","S","alpha","H","HU:0","HU:1","HU:2","U:0","U:1","U:2","Points:0","Points:1","Points:2"
30,0.010625,1,0,0.68495,0.18438,1.2141,-0.011327,0,6.585,-0.061437,0,4,0,0
30,0.010625,1,0,0.68495,0.18438,1.2141,-0.011327,0,6.585,-0.061437,0,4,0,1
30,0.010625,1,0,0.68495,0.18438,1.2141,-0.011327,0,6.585,-0.061437,0,4,4,1
30,0.010625,1,0,0.68495,0.18438,1.2141,-0.011327,0,6.585,-0.061437,0,4,4,0
