"kst","nut","wetDry","S","alpha","H","HU:0","HU:1","HU:2","U:0","U:1","U:2","Points:0","Points:1","Points:2"
30,0.0065229,1,0,0.31841,0.19878,0.67108,-0.019558,-6.9568e-23,3.3761,-0.09839,-3.4998e-22,4,0,0
30,0.0065229,1,0,0.31841,0.19878,0.67108,-0.019558,-6.9568e-23,3.3761,-0.09839,-3.4998e-22,4,0,1
30,0.0065229,1,0,0.31841,0.19878,0.67108,-0.019558,-6.9568e-23,3.3761,-0.09839,-3.4998e-22,4,4,1
30,0.0065229,1,0,0.31841,0.19878,0.67108,-0.019558,-6.9568e-23,3.3761,-0.09839,-3.4998e-22,4,4,0
