"kst","nut","wetDry","S","alpha","H","HU:0","HU:1","HU:2","U:0","U:1","U:2","Points:0","Points:1","Points:2"
30,0.0058095,1,0,0.32309,0.18701,0.59069,-0.014742,-8.5087e-23,3.1586,-0.078831,-4.5499e-22,4,0,0
30,0.0058095,1,0,0.32309,0.18701,0.59069,-0.014742,-8.5087e-23,3.1586,-0.078831,-4.5499e-22,4,0,1
30,0.0058095,1,0,0.32309,0.18701,0.59069,-0.014742,-8.5087e-23,3.1586,-0.078831,-4.5499e-22,4,4,1
30,0.0058095,1,0,0.32309,0.18701,0.59069,-0.014742,-8.5087e-23,3.1586,-0.078831,-4.5499e-22,4,4,0
