"kst","nut","wetDry","S","alpha","H","HU:0","HU:1","HU:2","U:0","U:1","U:2","Points:0","Points:1","Points:2"
30,0.0045223,1,0,0.3328,0.16432,0.45024,-0.0099656,0,2.74,-0.060646,0,4,0,0
30,0.0045223,1,0,0.3328,0.16432,0.45024,-0.0099656,0,2.74,-0.060646,0,4,0,1
30,0.0045223,1,0,0.3328,0.16432,0.45024,-0.0099656,0,2.74,-0.060646,0,4,4,1
30,0.0045223,1,0,0.3328,0.16432,0.45024,-0.0099656,0,2.74,-0.060646,0,4,4,0
