"kst","nut","wetDry","S","alpha","H","HU:0","HU:1","HU:2","U:0","U:1","U:2","Points:0","Points:1","Points:2"
30,0.0090119,1,0,0.33009,0.22842,0.96219,-0.027792,1.77e-22,4.2124,-0.12167,7.7491e-22,4,0,0
30,0.0090119,1,0,0.33009,0.22842,0.96219,-0.027792,1.77e-22,4.2124,-0.12167,7.7491e-22,4,0,1
30,0.0090119,1,0,0.33009,0.22842,0.96219,-0.027792,1.77e-22,4.2124,-0.12167,7.7491e-22,4,4,1
30,0.0090119,1,0,0.33009,0.22842,0.96219,-0.027792,1.77e-22,4.2124,-0.12167,7.7491e-22,4,4,0
