"kst","nut","wetDry","S","alpha","H","HU:0","HU:1","HU:2","U:0","U:1","U:2","Points:0","Points:1","Points:2"
30,0.0049789,1,0,0.32759,0.17316,0.50078,-0.011176,-1.5275e-23,2.892,-0.064537,-8.821e-23,4,0,0
30,0.0049789,1,0,0.32759,0.17316,0.50078,-0.011176,-1.5275e-23,2.892,-0.064537,-8.821e-23,4,0,1
30,0.0049789,1,0,0.32759,0.17316,0.50078,-0.011176,-1.5275e-23,2.892,-0.064537,-8.821e-23,4,4,1
30,0.0049789,1,0,0.32759,0.17316,0.50078,-0.011176,-1.5275e-23,2.892,-0.064537,-8.821e-23,4,4,0
