"kst","nut","wetDry","S","alpha","H","HU:0","HU:1","HU:2","U:0","U:1","U:2","Points:0","Points:1","Points:2"
30,0.0036759,1,0,0,1.2262,0,0,0,0,0,0,8,0,0
30,0.0036759,1,0,0,1.2262,0,0,0,0,0,0,8,4,0
30,0.0036759,1,0,0,1.2262,0,0,0,0,0,0,8,4,1
30,0.0036759,1,0,0,1.2262,0,0,0,0,0,0,8,0,1
