"kst","nut","wetDry","S","alpha","H","HU:0","HU:1","HU:2","U:0","U:1","U:2","Points:0","Points:1","Points:2"
30,0.0061576,1,0,0.32083,0.19274,0.62924,-0.016997,-8.7096e-23,3.2647,-0.088186,-4.5189e-22,4,0,0
30,0.0061576,1,0,0.32083,0.19274,0.62924,-0.016997,-8.7096e-23,3.2647,-0.088186,-4.5189e-22,4,0,1
30,0.0061576,1,0,0.32083,0.19274,0.62924,-0.016997,-8.7096e-23,3.2647,-0.088186,-4.5189e-22,4,4,1
30,0.0061576,1,0,0.32083,0.19274,0.62924,-0.016997,-8.7096e-23,3.2647,-0.088186,-4.5189e-22,4,4,0
