"kst","nut","wetDry","S","alpha","H","HU:0","HU:1","HU:2","U:0","U:1","U:2","Points:0","Points:1","Points:2"
30,0.012256,1,0,0.3916,0.24258,1.3109,-0.039522,4.2792e-22,5.404,-0.16292,1.764e-21,4,0,0
30,0.012256,1,0,0.3916,0.24258,1.3109,-0.039522,4.2792e-22,5.404,-0.16292,1.764e-21,4,0,1
30,0.012256,1,0,0.3916,0.24258,1.3109,-0.039522,4.2792e-22,5.404,-0.16292,1.764e-21,4,4,1
30,0.012256,1,0,0.3916,0.24258,1.3109,-0.039522,4.2792e-22,5.404,-0.16292,1.764e-21,4,4,0
