"kst","nut","wetDry","S","alpha","H","HU:0","HU:1","HU:2","U:0","U:1","U:2","Points:0","Points:1","Points:2"
30,0,1,0,86.36,0.0030096,0.011281,0.00013264,0,3.7483,0.044072,0,4,0,0
30,0,1,0,86.36,0.0030096,0.011281,0.00013264,0,3.7483,0.044072,0,4,0,1
30,0,1,0,86.36,0.0030096,0.011281,0.00013264,0,3.7483,0.044072,0,4,4,1
30,0,1,0,86.36,0.0030096,0.011281,0.00013264,0,3.7483,0.044072,0,4,4,0
