"kst","nut","wetDry","S","alpha","H","HU:0","HU:1","HU:2","U:0","U:1","U:2","Points:0","Points:1","Points:2"
30,0.014215,1,0,0.39744,0.25763,1.5337,-0.033604,3.5953e-22,5.9529,-0.13043,1.3955e-21,4,0,0
30,0.014215,1,0,0.39744,0.25763,1.5337,-0.033604,3.5953e-22,5.9529,-0.13043,1.3955e-21,4,0,1
30,0.014215,1,0,0.39744,0.25763,1.5337,-0.033604,3.5953e-22,5.9529,-0.13043,1.3955e-21,4,4,1
30,0.014215,1,0,0.39744,0.25763,1.5337,-0.033604,3.5953e-22,5.9529,-0.13043,1.3955e-21,4,4,0
