"kst","nut","wetDry","S","alpha","H","HU:0","HU:1","HU:2","U:0","U:1","U:2","Points:0","Points:1","Points:2"
30,0.010135,1,0,0.37237,0.2277,1.0768,-0.030757,3.0001e-22,4.7291,-0.13508,1.3176e-21,4,0,0
30,0.010135,1,0,0.37237,0.2277,1.0768,-0.030757,3.0001e-22,4.7291,-0.13508,1.3176e-21,4,0,1
30,0.010135,1,0,0.37237,0.2277,1.0768,-0.030757,3.0001e-22,4.7291,-0.13508,1.3176e-21,4,4,1
30,0.010135,1,0,0.37237,0.2277,1.0768,-0.030757,3.0001e-22,4.7291,-0.13508,1.3176e-21,4,4,0
